INN,employees,expenses,okved_main_code,okved_main_name,org_name,place_info,revenue,revenue_date,short_name
7826165640,4,7331000,47.73,Торговля розничная лекарственными средствами в специализированных магазинах (аптеках),"ОБЩЕСТВО С ОГРАНИЧЕННОЙ ОТВЕТСТВЕННОСТЬЮ ""АЙБОЛИТ""","САНКТ-ПЕТЕРБУРГ ГОРОД, ГОРОД ПЕТЕРГОФ",7026000,31.12.2018,"ООО ""АЙБОЛИТ"""
7823005670,6,26742000,03.11,Рыболовство морское,"АКЦИОНЕРНОЕ ОБЩЕСТВО ""Р/К ПРОГРЕСС""","САНКТ-ПЕТЕРБУРГ ГОРОД, ГОРОД ПЕТЕРГОФ",4164000,31.12.2018,"АО ""Р/К ПРОГРЕСС"""
7816480379,5,183397000,41.2,Строительство жилых и нежилых зданий,"ОБЩЕСТВО С ОГРАНИЧЕННОЙ ОТВЕТСТВЕННОСТЬЮ ""БАЛТСТРОЙПРОЕКТ""","САНКТ-ПЕТЕРБУРГ ГОРОД, ГОРОД ПЕТЕРГОФ",184123000,31.12.2018,"ООО ""БАЛТСТРОЙПРОЕКТ"""
7804148610,1,1299000,56.10,Деятельность ресторанов и услуги по доставке продуктов питания,"ОБЩЕСТВО С ОГРАНИЧЕННОЙ ОТВЕТСТВЕННОСТЬЮ ""КОМПАНИЯ ФРЕГАТ""","САНКТ-ПЕТЕРБУРГ ГОРОД, ГОРОД ПЕТЕРГОФ",1117000,31.12.2018,"ООО ""КОМПАНИЯ ФРЕГАТ"""
7819030096,2,617476000,77.39.1,Аренда и лизинг прочих сухопутных транспортных средств и оборудования,"ОБЩЕСТВО С ОГРАНИЧЕННОЙ ОТВЕТСТВЕННОСТЬЮ ""АВТОТРАНСПОРТНАЯ КОМПАНИЯ""","САНКТ-ПЕТЕРБУРГ ГОРОД, ГОРОД ПЕТЕРГОФ",625650000,31.12.2018,"ООО ""АВТОТРАНСПОРТНАЯ КОМПАНИЯ"""
7819020884,16,45929000,68.20,Аренда и управление собственным или арендованным недвижимым имуществом,"ОБЩЕСТВО С ОГРАНИЧЕННОЙ ОТВЕТСТВЕННОСТЬЮ ""БИОСТАР КАРВИНГ ВУД""","САНКТ-ПЕТЕРБУРГ ГОРОД, ГОРОД ПЕТЕРГОФ",46604000,31.12.2018,"ООО ""БИОСТАР КАРВИНГ ВУД"""
7838403032,9,22625000,56.10,Деятельность ресторанов и услуги по доставке продуктов питания,"ОБЩЕСТВО С ОГРАНИЧЕННОЙ ОТВЕТСТВЕННОСТЬЮ ""МАРЛИ""","САНКТ-ПЕТЕРБУРГ ГОРОД, ГОРОД ПЕТЕРГОФ",24339000,31.12.2018,"ООО ""МАРЛИ"""
4727000836,1,954000,80.10,Деятельность частных охранных служб,"ОБЩЕСТВО С ОГРАНИЧЕННОЙ ОТВЕТСТВЕННОСТЬЮ ЧАСТНАЯ ОХРАННАЯ ОРГАНИЗАЦИЯ ""ПАТРУЛЬ""","САНКТ-ПЕТЕРБУРГ ГОРОД, ГОРОД ПЕТЕРГОФ",1762000,31.12.2018,"ООО ЧОО ""ПАТРУЛЬ"""
7801567010,1,1373000,82.99,"Деятельность по предоставлению прочих вспомогательных услуг для бизнеса, не включенная в другие группировки","ОБЩЕСТВО С ОГРАНИЧЕННОЙ ОТВЕТСТВЕННОСТЬЮ ""ИВЕНТКОМП""","САНКТ-ПЕТЕРБУРГ ГОРОД, ГОРОД ПЕТЕРГОФ",1360000,31.12.2018,"ООО ""ИВЕНТКОМП"""
7842356145,1,0,46.73,"Торговля оптовая лесоматериалами, строительными материалами и санитарно-техническим оборудованием","ОБЩЕСТВО С ОГРАНИЧЕННОЙ ОТВЕТСТВЕННОСТЬЮ ""ГАЗО-ЭНЕРГЕТИЧЕСКАЯ СТРОИТЕЛЬНАЯ КОМПАНИЯ""","САНКТ-ПЕТЕРБУРГ ГОРОД, ГОРОД ПЕТЕРГОФ",0,31.12.2018,"ООО ""ГЭСК"""
7805289885,31,35090000,33.13,Ремонт электронного и оптического оборудования,"ОБЩЕСТВО С ОГРАНИЧЕННОЙ ОТВЕТСТВЕННОСТЬЮ ""НАУЧНО-ПРОИЗВОДСТВЕННАЯ КОМПАНИЯ ""ВЕЛЕНА""","САНКТ-ПЕТЕРБУРГ ГОРОД, ГОРОД ПЕТЕРГОФ",36808000,31.12.2018,"ООО ""НПК ""ВЕЛЕНА"""
7801426700,5,85806000,56.29,Деятельность предприятий общественного питания по прочим видам организации питания,"ОБЩЕСТВО С ОГРАНИЧЕННОЙ ОТВЕТСТВЕННОСТЬЮ ""СТАТУС""","САНКТ-ПЕТЕРБУРГ ГОРОД, ГОРОД ПЕТЕРГОФ",47758000,31.12.2018,"ООО ""СТАТУС"""
7840412884,45,136091000,56.10,Деятельность ресторанов и услуги по доставке продуктов питания,"ОБЩЕСТВО С ОГРАНИЧЕННОЙ ОТВЕТСТВЕННОСТЬЮ ""ЛЕТНИЙ ДВОРЕЦ""","САНКТ-ПЕТЕРБУРГ ГОРОД, ГОРОД ПЕТЕРГОФ",135658000,31.12.2018,"ООО ""ЛЕТНИЙ ДВОРЕЦ"""
7805230514,1,0,47.2,"Торговля розничная пищевыми продуктами, напитками и табачными изделиями в специализированных магазинах","ОБЩЕСТВО С ОГРАНИЧЕННОЙ ОТВЕТСТВЕННОСТЬЮ ""САНА""","САНКТ-ПЕТЕРБУРГ ГОРОД, ГОРОД ПЕТЕРГОФ",0,31.12.2018,"ООО ""САНА"""
7813069259,11,7952000,56.10,Деятельность ресторанов и услуги по доставке продуктов питания,"ЗАКРЫТОЕ АКЦИОНЕРНОЕ ОБЩЕСТВО ""САНКТ-КИТ""","САНКТ-ПЕТЕРБУРГ ГОРОД, ГОРОД ПЕТЕРГОФ",9457000,31.12.2018,ЗАО ''САНКТ-КИТ''
7810592968,9,31147000,68.20,Аренда и управление собственным или арендованным недвижимым имуществом,"ОБЩЕСТВО С ОГРАНИЧЕННОЙ ОТВЕТСТВЕННОСТЬЮ ""ОМЕГА ХОЛДИНГ""","САНКТ-ПЕТЕРБУРГ ГОРОД, ГОРОД ПЕТЕРГОФ",31406000,31.12.2018,"ООО ""ОМЕГА ХОЛДИНГ"""
7813502881,4,3163000,62.0,"Разработка компьютерного программного обеспечения, консультационные услуги в данной области и другие сопутствующие услуги","ОБЩЕСТВО С ОГРАНИЧЕННОЙ ОТВЕТСТВЕННОСТЬЮ ""ОБРАЗОВАТЕЛЬНАЯ РОБОТОТЕХНИКА""","САНКТ-ПЕТЕРБУРГ ГОРОД, ГОРОД ПЕТЕРГОФ",4448000,31.12.2018,"ООО ""ОБРАЗОВАТЕЛЬНАЯ РОБОТОТЕХНИКА"""
7819021334,2,10189000,68.20.2,Аренда и управление собственным или арендованным нежилым недвижимым имуществом,"ОБЩЕСТВО С ОГРАНИЧЕННОЙ ОТВЕТСТВЕННОСТЬЮ ""ФОРТУНА-БИЗНЕС""","САНКТ-ПЕТЕРБУРГ ГОРОД, ГОРОД ПЕТЕРГОФ",21783000,31.12.2018,"ООО ""ФОРТУНА-БИЗНЕС"""
7703647605,85,261512000,,,"ЗАКРЫТОЕ АКЦИОНЕРНОЕ ОБЩЕСТВО ""ЗВЕЗДА ПЕТЕРГОФА""",,273499000,31.12.2018,
4720012991,1,99000,46.69,Торговля оптовая прочими машинами и оборудованием,"ОБЩЕСТВО С ОГРАНИЧЕННОЙ ОТВЕТСТВЕННОСТЬЮ ""КАБЛИНГ""","САНКТ-ПЕТЕРБУРГ ГОРОД, ГОРОД ПЕТЕРГОФ",25000,31.12.2018,"ООО ""КАБЛИНГ"""
7819019818,7,4922000,56.10,Деятельность ресторанов и услуги по доставке продуктов питания,"ОБЩЕСТВО С ОГРАНИЧЕННОЙ ОТВЕТСТВЕННОСТЬЮ ""ПЕТРОДВОРЦОВАЯ ТОРГОВО-ПРОМЫШЛЕННАЯ КОМПАНИЯ""","САНКТ-ПЕТЕРБУРГ ГОРОД, ГОРОД ПЕТЕРГОФ",6587000,31.12.2018,"ООО ""ПТПК"""
7811450405,3,32789000,,,"ОБЩЕСТВО С ОГРАНИЧЕННОЙ ОТВЕТСТВЕННОСТЬЮ ""ОТЕЛЬ""",,33560000,31.12.2018,
7807028695,1,2867000,33.12,Ремонт машин и оборудования,"ОБЩЕСТВО С ОГРАНИЧЕННОЙ ОТВЕТСТВЕННОСТЬЮ ""ИСКРА""","САНКТ-ПЕТЕРБУРГ ГОРОД, ГОРОД ПЕТЕРГОФ",2890000,31.12.2018,"ООО ""ИСКРА"""
7819023934,1,9535000,68.20,Аренда и управление собственным или арендованным недвижимым имуществом,"ОБЩЕСТВО С ОГРАНИЧЕННОЙ ОТВЕТСТВЕННОСТЬЮ ""ПРОФИЛЬ""","САНКТ-ПЕТЕРБУРГ ГОРОД, ГОРОД ПЕТЕРГОФ",10359000,31.12.2018,"ООО ""ПРОФИЛЬ"""
7819009721,22,14183000,86.90.9,"Деятельность в области медицины прочая, не включенная в другие группировки","ОБЩЕСТВО С ОГРАНИЧЕННОЙ ОТВЕТСТВЕННОСТЬЮ ""МАГ""","САНКТ-ПЕТЕРБУРГ ГОРОД, ГОРОД ПЕТЕРГОФ",17463000,31.12.2018,"ООО ""МАГ"""
7204184172,1,194000,71.12.1,"Деятельность, связанная с инженерно-техническим проектированием, управлением проектами строительства, выполнением строительного контроля и авторского надзора","ОБЩЕСТВО С ОГРАНИЧЕННОЙ ОТВЕТСТВЕННОСТЬЮ ""АТ-СТРОЙ""","САНКТ-ПЕТЕРБУРГ ГОРОД, ГОРОД ПЕТЕРГОФ",195000,31.12.2018,"ООО ""АТ-СТРОЙ"""
7819303473,5,352669000,41.20,Строительство жилых и нежилых зданий,"ОБЩЕСТВО С ОГРАНИЧЕННОЙ ОТВЕТСТВЕННОСТЬЮ ""ГОЛЬФ-КЛУБ ""МИХАЙЛОВКА""","САНКТ-ПЕТЕРБУРГ ГОРОД, ГОРОД ПЕТЕРГОФ",6019000,31.12.2018,"ООО ""ГОЛЬФ-КЛУБ ""МИХАЙЛОВКА"""
7819001031,0,617502000,,,"АКЦИОНЕРНОЕ ОБЩЕСТВО ""ПЕТРОДВОРЦОВАЯ ЭЛЕКТРОСЕТЬ""",,595121000,31.12.2018,
7816117292,1,56000,43.22,"Производство санитарно-технических работ, монтаж отопительных систем и систем кондиционирования воздуха","ОБЩЕСТВО С ОГРАНИЧЕННОЙ ОТВЕТСТВЕННОСТЬЮ ""АКМИТЕК-ТРАНЗИТ""","САНКТ-ПЕТЕРБУРГ ГОРОД, ГОРОД ПЕТЕРГОФ",56000,31.12.2018,"ООО ""АКМИТЕК-ТРАНЗИТ"""
7819312090,54,147122000,56.1,Деятельность ресторанов и услуги по доставке продуктов питания,"ОБЩЕСТВО С ОГРАНИЧЕННОЙ ОТВЕТСТВЕННОСТЬЮ ""ДВОРЕЦ""","САНКТ-ПЕТЕРБУРГ ГОРОД, ГОРОД ПЕТЕРГОФ",148714000,31.12.2018,"ООО ""ДВОРЕЦ"""
7819026389,1,0,52.21.24,Деятельность стоянок для транспортных средств,"ОБЩЕСТВО С ОГРАНИЧЕННОЙ ОТВЕТСТВЕННОСТЬЮ ""АВТОЛЮКС""","САНКТ-ПЕТЕРБУРГ ГОРОД, ГОРОД ПЕТЕРГОФ",0,31.12.2018,"ООО ""АВТОЛЮКС"""
7819303240,1,1169000,93.11,Деятельность спортивных объектов,"ОБЩЕСТВО С ОГРАНИЧЕННОЙ ОТВЕТСТВЕННОСТЬЮ ""СПОРТ ГРУПП""","САНКТ-ПЕТЕРБУРГ ГОРОД, ГОРОД ПЕТЕРГОФ",1351000,31.12.2018,"ООО ""СПОРТ ГРУПП"""
7819018701,11,12753000,43.11,Разборка и снос зданий,"ЗАКРЫТОЕ АКЦИОНЕРНОЕ ОБЩЕСТВО ""ПЕРВЫЕ ПЕТЕРГОФСКИЕ РЕСТАВРАЦИОННЫЕ МАСТЕРСКИЕ""","САНКТ-ПЕТЕРБУРГ ГОРОД, ГОРОД ПЕТЕРГОФ",13426000,31.12.2018,"ЗАО ""ППРМ """
4720014004,11,7745000,58,Деятельность издательская,"ОБЩЕСТВО С ОГРАНИЧЕННОЙ ОТВЕТСТВЕННОСТЬЮ ТРАНСПОРТНАЯ КОМПАНИЯ ""АВТОЛАЙН""","САНКТ-ПЕТЕРБУРГ ГОРОД, ГОРОД ПЕТЕРГОФ",7960000,31.12.2018,"ООО ТК ""АВТОЛАЙН"""
7819015203,0,2891000,96.01,Стирка и химическая чистка текстильных и меховых изделий,"ОБЩЕСТВО С ОГРАНИЧЕННОЙ ОТВЕТСТВЕННОСТЬЮ ""ТАЛАР""","САНКТ-ПЕТЕРБУРГ ГОРОД, ГОРОД ПЕТЕРГОФ",6998000,31.12.2018,"ООО ""ТАЛАР"""
7819023250,6,7499000,33.14,Ремонт электрического оборудования,"ОБЩЕСТВО С ОГРАНИЧЕННОЙ ОТВЕТСТВЕННОСТЬЮ ""БАЛТЭЛЕКТРОСЕРВИСТЕХНОЛОДЖИ""","САНКТ-ПЕТЕРБУРГ ГОРОД, ГОРОД ПЕТЕРГОФ",7982000,31.12.2018,"ООО ""БЭСТ"""
7819302790,,,,,"ОБЩЕСТВО С ОГРАНИЧЕННОЙ ОТВЕТСТВЕННОСТЬЮ ""ФИРМА АЛЬЯНС""",,,,
7819318261,68,333309000,68.20,Аренда и управление собственным или арендованным недвижимым имуществом,"ОБЩЕСТВО С ОГРАНИЧЕННОЙ ОТВЕТСТВЕННОСТЬЮ ""АДМИРАЛ-М""","САНКТ-ПЕТЕРБУРГ ГОРОД, ГОРОД ПЕТЕРГОФ",324741000,31.12.2018,"ООО ""АДМИРАЛ-М"""
7819009200,22,40475000,43.12,Подготовка строительной площадки,"ОБЩЕСТВО С ОГРАНИЧЕННОЙ ОТВЕТСТВЕННОСТЬЮ ""АРКО""","САНКТ-ПЕТЕРБУРГ ГОРОД, ГОРОД ПЕТЕРГОФ",48024000,31.12.2018,"ООО ""АРКО"""
7819023726,0,678000,47.1,Торговля розничная в неспециализированных магазинах,"ОБЩЕСТВО С ОГРАНИЧЕННОЙ ОТВЕТСТВЕННОСТЬЮ ""ПЕТЕРГОФ ТРЕЙД""","САНКТ-ПЕТЕРБУРГ ГОРОД, ГОРОД ПЕТЕРГОФ",42000,31.12.2018,"ООО ""ПЕТЕРГОФ ТРЕЙД"""
7819020010,1,11980000,68.20.2,Аренда и управление собственным или арендованным нежилым недвижимым имуществом,"ОБЩЕСТВО С ОГРАНИЧЕННОЙ ОТВЕТСТВЕННОСТЬЮ ""ПИРАМИДА""","САНКТ-ПЕТЕРБУРГ ГОРОД, ГОРОД ПЕТЕРГОФ",14317000,31.12.2018,"ООО ""ПИРАМИДА"""
7819303152,,,,,"ОБЩЕСТВО С ОГРАНИЧЕННОЙ ОТВЕТСТВЕННОСТЬЮ ""ОМЕГА""",,,,
7819302769,2,0,47.2,"Торговля розничная пищевыми продуктами, напитками и табачными изделиями в специализированных магазинах","ОБЩЕСТВО С ОГРАНИЧЕННОЙ ОТВЕТСТВЕННОСТЬЮ ""СКОРОХОД""","САНКТ-ПЕТЕРБУРГ ГОРОД, ГОРОД ПЕТЕРГОФ",0,31.12.2018,"ООО ""СКОРОХОД"""
7804543497,1,0,46.13,Деятельность агентов по оптовой торговле лесоматериалами и строительными материалами,"ОБЩЕСТВО С ОГРАНИЧЕННОЙ ОТВЕТСТВЕННОСТЬЮ ""ДСКЛЕС""","САНКТ-ПЕТЕРБУРГ ГОРОД, ГОРОД ПЕТЕРГОФ",0,31.12.2018,"ООО ""ДСКЛЕС"""
7819002116,2,607000,68.20.2,Аренда и управление собственным или арендованным нежилым недвижимым имуществом,"ОБЩЕСТВО С ОГРАНИЧЕННОЙ ОТВЕТСТВЕННОСТЬЮ ""КРИСТАЛЛ""","САНКТ-ПЕТЕРБУРГ ГОРОД, ГОРОД ПЕТЕРГОФ",840000,31.12.2018,"ООО ""КРИСТАЛЛ"""
7819312132,1,8060000,43.21,Производство электромонтажных работ,"ОБЩЕСТВО С ОГРАНИЧЕННОЙ ОТВЕТСТВЕННОСТЬЮ ""БАЛТИЙСКИЕ ОХРАННЫЕ СИСТЕМЫ""","САНКТ-ПЕТЕРБУРГ ГОРОД, ГОРОД ПЕТЕРГОФ",13346000,31.12.2018,"ООО ""БАЛТИЙСКИЕ ОХРАННЫЕ СИСТЕМЫ"""
7816416020,4,22481000,25.11,"Производство строительных металлических конструкций, изделий и их частей","ОБЩЕСТВО С ОГРАНИЧЕННОЙ ОТВЕТСТВЕННОСТЬЮ ""ПЕТРОРЕМСТРОЙ""","САНКТ-ПЕТЕРБУРГ ГОРОД, ГОРОД ПЕТЕРГОФ",22826000,31.12.2018,"ООО  ""ПЕТРОРЕМСТРОЙ"""
7819304646,4,8674000,46.90,Торговля оптовая неспециализированная,"ОБЩЕСТВО С ОГРАНИЧЕННОЙ ОТВЕТСТВЕННОСТЬЮ ""ТРИКОН""","САНКТ-ПЕТЕРБУРГ ГОРОД, ГОРОД ПЕТЕРГОФ",9177000,31.12.2018,"ООО ""ТРИКОН"""
7805470971,1,1815000,72.19,Научные исследования и разработки в области естественных и технических наук прочие,"ОБЩЕСТВО С ОГРАНИЧЕННОЙ ОТВЕТСТВЕННОСТЬЮ ""ЭФФЕКТИВНЫЕ РЕСУРСЫ КОМПАНИЙ""","САНКТ-ПЕТЕРБУРГ ГОРОД, ГОРОД ПЕТЕРГОФ",1815000,31.12.2018,"ООО ""ЭРК"""
4720021379,5,3165000,69,Деятельность в области права и бухгалтерского учета,"ОБЩЕСТВО С ОГРАНИЧЕННОЙ ОТВЕТСТВЕННОСТЬЮ ""ГЛАВБУХ +""","САНКТ-ПЕТЕРБУРГ ГОРОД, ГОРОД ПЕТЕРГОФ",3503000,31.12.2018,"ООО ""ГЛАВБУХ +"""
7819308577,10,8947000,56.1,Деятельность ресторанов и услуги по доставке продуктов питания,"ОБЩЕСТВО С ОГРАНИЧЕННОЙ ОТВЕТСТВЕННОСТЬЮ ""БЕЛОЧКА""","САНКТ-ПЕТЕРБУРГ ГОРОД, ГОРОД ПЕТЕРГОФ",13775000,31.12.2018,"ООО ""БЕЛОЧКА"""
7819313658,,,,,"ОБЩЕСТВО С ОГРАНИЧЕННОЙ ОТВЕТСТВЕННОСТЬЮ ""РОСДОЛГ""",,,,
7819027128,1,,56.10.1,"Деятельность ресторанов и кафе с полным ресторанным обслуживанием, кафетериев, ресторанов быстрого питания и самообслуживания","ОБЩЕСТВО С ОГРАНИЧЕННОЙ ОТВЕТСТВЕННОСТЬЮ ""БАЙРОН""","САНКТ-ПЕТЕРБУРГ ГОРОД, ГОРОД ПЕТЕРГОФ",,,"ООО ""БАЙРОН"""
7819024705,1,,71.1,"Деятельность в области архитектуры, инженерных изысканий и предоставление технических консультаций в этих областях","ОБЩЕСТВО С ОГРАНИЧЕННОЙ ОТВЕТСТВЕННОСТЬЮ ""КАДАСТРОВО-ЭКСПЕРТНОЕ БЮРО""","САНКТ-ПЕТЕРБУРГ ГОРОД, ГОРОД ПЕТЕРГОФ",,,"ООО ""КАДАСТРОВО-ЭКСПЕРТНОЕ БЮРО"""
7819026340,,,,,"ОБЩЕСТВО С ОГРАНИЧЕННОЙ ОТВЕТСТВЕННОСТЬЮ ""ПОЛЮС""",,,,
7819022183,,,,,"ОБЩЕСТВО С ОГРАНИЧЕННОЙ ОТВЕТСТВЕННОСТЬЮ ""ОФИЦЕРСКОЕ СОБРАНИЕ""",,,,
7819312936,1,0,41.20,Строительство жилых и нежилых зданий,"ОБЩЕСТВО С ОГРАНИЧЕННОЙ ОТВЕТСТВЕННОСТЬЮ ""АКАДЕМИЯ""","САНКТ-ПЕТЕРБУРГ ГОРОД, ГОРОД ПЕТЕРГОФ",0,31.12.2018,"ООО ""АКАДЕМИЯ"""
7802843914,0,0,79.90,Услуги по бронированию прочие и сопутствующая деятельность,"ОБЩЕСТВО С ОГРАНИЧЕННОЙ ОТВЕТСТВЕННОСТЬЮ ""ТУРИЗМ СЕВЕРО-ЗАПАД""","САНКТ-ПЕТЕРБУРГ ГОРОД, ГОРОД ПЕТЕРГОФ",0,31.12.2018,"ООО ""ТУРИЗМ СЕВЕРО-ЗАПАД"""
7819019310,10,9531000,56.10,Деятельность ресторанов и услуги по доставке продуктов питания,"ОБЩЕСТВО С ОГРАНИЧЕННОЙ ОТВЕТСТВЕННОСТЬЮ ""ТРАПЕЗА""","САНКТ-ПЕТЕРБУРГ ГОРОД, ГОРОД ПЕТЕРГОФ",11692000,31.12.2018,"ООО ""ТРАПЕЗА"""
7825347729,3,1497000,52.29,"Деятельность вспомогательная прочая, связанная с перевозками","ОБЩЕСТВО С ОГРАНИЧЕННОЙ ОТВЕТСТВЕННОСТЬЮ ""АРТЕЛЛ""","САНКТ-ПЕТЕРБУРГ ГОРОД, ГОРОД ПЕТЕРГОФ",290000,31.12.2018,"ООО""АРТЕЛЛ"""
7819312703,1,0,78.10,Деятельность агентств по подбору персонала,"ОБЩЕСТВО С ОГРАНИЧЕННОЙ ОТВЕТСТВЕННОСТЬЮ ""РУС ГРЕЙНЗ""","САНКТ-ПЕТЕРБУРГ ГОРОД, ГОРОД ПЕТЕРГОФ",0,31.12.2018,"ООО ""РУС ГРЕЙНЗ"""
7819301596,2,3313000,70.22,Консультирование по вопросам коммерческой деятельности и управления,"ОБЩЕСТВО С ОГРАНИЧЕННОЙ ОТВЕТСТВЕННОСТЬЮ  ""БИЗНЕС-ПАРТНЕР""","САНКТ-ПЕТЕРБУРГ ГОРОД, ГОРОД ПЕТЕРГОФ",4025000,31.12.2018,"ООО  ""БИЗНЕС-ПАРТНЕР"""
7819301250,0,7000,43.21,Производство электромонтажных работ,"ОБЩЕСТВО С ОГРАНИЧЕННОЙ ОТВЕТСТВЕННОСТЬЮ ""ГЕРКОН""","САНКТ-ПЕТЕРБУРГ ГОРОД, ГОРОД ПЕТЕРГОФ",0,31.12.2018,"ООО ""ГЕРКОН"""
7805256738,1,766000,23.19,"Производство и обработка прочих стеклянных изделий, включая технические изделия из стекла","ОБЩЕСТВО С ОГРАНИЧЕННОЙ ОТВЕТСТВЕННОСТЬЮ ""РУССКОЕ СТЕКЛО""","САНКТ-ПЕТЕРБУРГ ГОРОД, ГОРОД ПЕТЕРГОФ",857000,31.12.2018,"ООО ""РУССКОЕ СТЕКЛО"""
7806256473,1,793000,49.41,Деятельность автомобильного грузового транспорта,"ОБЩЕСТВО С ОГРАНИЧЕННОЙ ОТВЕТСТВЕННОСТЬЮ ""АМ""","САНКТ-ПЕТЕРБУРГ ГОРОД, ГОРОД ПЕТЕРГОФ",1131000,31.12.2018,"ООО ""АМ"""
6037008575,1,95174000,,,"ОБЩЕСТВО С ОГРАНИЧЕННОЙ ОТВЕТСТВЕННОСТЬЮ ""САРШТЕДТ""",,56771000,31.12.2018,
7810442105,1,666000,68.20,Аренда и управление собственным или арендованным недвижимым имуществом,"ОБЩЕСТВО С ОГРАНИЧЕННОЙ ОТВЕТСТВЕННОСТЬЮ ""ИНВЕСТ-МАК""","САНКТ-ПЕТЕРБУРГ ГОРОД, ГОРОД ПЕТЕРГОФ",1348000,31.12.2018,"ООО ""ИМАК"""
7807079072,1,0,41.20,Строительство жилых и нежилых зданий,"ОБЩЕСТВО С ОГРАНИЧЕННОЙ ОТВЕТСТВЕННОСТЬЮ ""НЕВА КОНСАЛТ""","САНКТ-ПЕТЕРБУРГ ГОРОД, ГОРОД ПЕТЕРГОФ",0,31.12.2018,"ООО ""НЕВА КОНСАЛТ"""
7819021743,,0,,,"ОБЩЕСТВО С ОГРАНИЧЕННОЙ ОТВЕТСТВЕННОСТЬЮ ""МАСТЕР-СТРОЙ-СЕРВИС""",,0,31.12.2018,
7839078441,,,,,"ОБЩЕСТВО С ОГРАНИЧЕННОЙ ОТВЕТСТВЕННОСТЬЮ ""ГАММА""",,,,
7819311241,,,,,"ОБЩЕСТВО С ОГРАНИЧЕННОЙ ОТВЕТСТВЕННОСТЬЮ ""РУССКАЯ ЕДА""",,,,
7813603921,1,116053000,56.10,Деятельность ресторанов и услуги по доставке продуктов питания,"ОБЩЕСТВО С ОГРАНИЧЕННОЙ ОТВЕТСТВЕННОСТЬЮ ""ФОРЕСТ""","САНКТ-ПЕТЕРБУРГ ГОРОД, ГОРОД ПЕТЕРГОФ",139546000,31.12.2018,"ООО ""ФОРЕСТ"""
7819025593,25,27680000,32.30,Производство спортивных товаров,"ОБЩЕСТВО С ОГРАНИЧЕННОЙ ОТВЕТСТВЕННОСТЬЮ ""АКМЕ-ДИЗАЙН""","САНКТ-ПЕТЕРБУРГ ГОРОД, ГОРОД ПЕТЕРГОФ",26239000,31.12.2018,"ООО ""АКМЕ-ДИЗАЙН"""
7807339771,13,39971000,43.99,"Работы строительные специализированные прочие, не включенные в другие группировки","ОБЩЕСТВО С ОГРАНИЧЕННОЙ ОТВЕТСТВЕННОСТЬЮ ""ПЕТЕРГОФСТРОЙМОНТАЖ""","САНКТ-ПЕТЕРБУРГ ГОРОД, ГОРОД ПЕТЕРГОФ",40261000,31.12.2018,"ООО ""ПСМ"""
7805329545,1,432000,82.99,"Деятельность по предоставлению прочих вспомогательных услуг для бизнеса, не включенная в другие группировки","ОБЩЕСТВО С ОГРАНИЧЕННОЙ ОТВЕТСТВЕННОСТЬЮ ""ОПТИМУМ ВЭД""","САНКТ-ПЕТЕРБУРГ ГОРОД, ГОРОД ПЕТЕРГОФ",451000,31.12.2018,"ООО ""ОПТИМУМ ВЭД"""
7801620030,1,0,52.21.24,Деятельность стоянок для транспортных средств,"ОБЩЕСТВО С ОГРАНИЧЕННОЙ ОТВЕТСТВЕННОСТЬЮ ""ЛАНТЕРНГРУПП""","САНКТ-ПЕТЕРБУРГ ГОРОД, ГОРОД ПЕТЕРГОФ",0,31.12.2018,"ООО ""ЛАНТЕРНГРУПП"""
7819302695,,,,,"ОБЩЕСТВО С ОГРАНИЧЕННОЙ ОТВЕТСТВЕННОСТЬЮ ""ДЖИНСМАРКЕТ""",,,,
7841026909,1,132000,73.11,Деятельность рекламных агентств,"ОБЩЕСТВО С ОГРАНИЧЕННОЙ ОТВЕТСТВЕННОСТЬЮ ""ИНТЕРНЕТ-АГЕНТСТВО ""АТРИБУТ""","САНКТ-ПЕТЕРБУРГ ГОРОД, ГОРОД ПЕТЕРГОФ",1320000,31.12.2018,"ООО ""ИНТЕРНЕТ-АГЕНТСТВО ""АТРИБУТ"""
7819311114,,,,,"ОБЩЕСТВО С ОГРАНИЧЕННОЙ ОТВЕТСТВЕННОСТЬЮ ""ОХРАННАЯ ОРГАНИЗАЦИЯ ""КОНКОРД""",,,,
7819305583,,,,,"ОБЩЕСТВО С ОГРАНИЧЕННОЙ ОТВЕТСТВЕННОСТЬЮ  ""МОСКОВИЕ""",,,,
7806216897,1,0,46.90,Торговля оптовая неспециализированная,"ОБЩЕСТВО С ОГРАНИЧЕННОЙ ОТВЕТСТВЕННОСТЬЮ ""СПЕЦСЕРВИС""","САНКТ-ПЕТЕРБУРГ ГОРОД, ГОРОД ПЕТЕРГОФ",0,31.12.2018,"ООО ""СПЕЦСЕРВИС"""
7819025963,4,843000,46.43,Торговля оптовая бытовыми электротоварами,"ОБЩЕСТВО С ОГРАНИЧЕННОЙ ОТВЕТСТВЕННОСТЬЮ ""ПЕТЕРГОФ КОМПЬЮТЕР-СЕРВИС""","САНКТ-ПЕТЕРБУРГ ГОРОД, ГОРОД ПЕТЕРГОФ",3771000,31.12.2018,"ООО ""ПЕТЕРГОФ КОМПЬЮТЕР-СЕРВИС"""
7804556432,15,87296000,52.29,"Деятельность вспомогательная прочая, связанная с перевозками","ОБЩЕСТВО С ОГРАНИЧЕННОЙ ОТВЕТСТВЕННОСТЬЮ ""ВВП-ТРАНС""","САНКТ-ПЕТЕРБУРГ ГОРОД, ГОРОД ПЕТЕРГОФ",93252000,31.12.2018,"ООО ""ВВП-ТРАНС"""
7810445392,5,0,22.23,"Производство пластмассовых изделий, используемых в строительстве","ОБЩЕСТВО С ОГРАНИЧЕННОЙ ОТВЕТСТВЕННОСТЬЮ ""ТОРГОВО-ПРОИЗВОДСТВЕННАЯ КОМПАНИЯ ""ЭКОПЛАСТ""","САНКТ-ПЕТЕРБУРГ ГОРОД, ГОРОД ПЕТЕРГОФ",0,31.12.2018,"ООО ""ТПК ""ЭКОПЛАСТ"""
7819306040,1,2000,68.1,Покупка и продажа собственного недвижимого имущества,"ОБЩЕСТВО С ОГРАНИЧЕННОЙ ОТВЕТСТВЕННОСТЬЮ ""УПРАВЛЕНИЕ СТРОИТЕЛЬСТВОМ НЕДВИЖИМОСТИ ГОЛЬФ-КЛУБА ""МИХАЙЛОВКА""","САНКТ-ПЕТЕРБУРГ ГОРОД, ГОРОД ПЕТЕРГОФ",0,31.12.2018,"ООО ""УСН ГОЛЬФ-КЛУБА ""МИХАЙЛОВКА"""
7810398946,1,0,22.29,Производство прочих пластмассовых изделий,"ОБЩЕСТВО С ОГРАНИЧЕННОЙ ОТВЕТСТВЕННОСТЬЮ ""ЛАБОРАТОРИЯ БИОТРАНСФОРМИРУЮЩИХ СИСТЕМ""","САНКТ-ПЕТЕРБУРГ ГОРОД, ГОРОД ПЕТЕРГОФ",0,31.12.2018,"ООО ""ЛАБОРАТОРИЯ БИОТРАНСФОРМИРУЮЩИХ СИСТЕМ"""
7819320207,12,14434000,96.03,Организация похорон и представление связанных с ними услуг,"ОБЩЕСТВО С ОГРАНИЧЕННОЙ ОТВЕТСТВЕННОСТЬЮ ""РИТУАЛЬНАЯ КОМПАНИЯ ""РИКС""","САНКТ-ПЕТЕРБУРГ ГОРОД, ГОРОД ПЕТЕРГОФ",14647000,31.12.2018,"ООО ""РК ""РИКС"""
7819025508,,,94.99,"Деятельность прочих общественных организаций, не включенных в другие группировки","ПОТРЕБИТЕЛЬСКИЙ КООПЕРАТИВ ПО ЭКСПЛУАТАЦИИ МЕСТ СТОЯНКИ ДЛЯ ЛОДОК И КАТЕРОВ ""ВОДНО-МОТОРНЫЙ КЛУБ № 1""","САНКТ-ПЕТЕРБУРГ ГОРОД, ГОРОД ПЕТЕРГОФ",,,"ПК ""ВМК № 1"""
7819021366,1,2238000,68.3,Операции с недвижимым имуществом за вознаграждение или на договорной основе,"ОБЩЕСТВО С ОГРАНИЧЕННОЙ ОТВЕТСТВЕННОСТЬЮ ""МАЯК""","САНКТ-ПЕТЕРБУРГ ГОРОД, ГОРОД ПЕТЕРГОФ",2172000,31.12.2018,"ООО ""МАЯК"""
7805672400,2,115000,46.38,"Торговля оптовая прочими пищевыми продуктами, включая рыбу, ракообразных и моллюсков","ОБЩЕСТВО С ОГРАНИЧЕННОЙ ОТВЕТСТВЕННОСТЬЮ ""СОЗВЕЗДИЕ""","САНКТ-ПЕТЕРБУРГ ГОРОД, ГОРОД ПЕТЕРГОФ",228000,31.12.2018,"ООО ""СОЗВЕЗДИЕ"""
7819304438,1,0,41.2,Строительство жилых и нежилых зданий,"ОБЩЕСТВО С ОГРАНИЧЕННОЙ ОТВЕТСТВЕННОСТЬЮ ""СТРОЙАРТ""","САНКТ-ПЕТЕРБУРГ ГОРОД, ГОРОД ПЕТЕРГОФ",0,31.12.2018,"ООО ""СТАРТ"""
7819318367,1,0,72.19,Научные исследования и разработки в области естественных и технических наук прочие,"ОБЩЕСТВО С ОГРАНИЧЕННОЙ ОТВЕТСТВЕННОСТЬЮ ""СТРЕЛКА""","САНКТ-ПЕТЕРБУРГ ГОРОД, ГОРОД ПЕТЕРГОФ",0,31.12.2018,"ООО ""СТРЕЛКА"""
7806255455,1,,87.90,Деятельность по уходу с обеспечением проживания прочая,"ОБЩЕСТВО С ОГРАНИЧЕННОЙ ОТВЕТСТВЕННОСТЬЮ ""ГРУППА КОМПАНИЙ ЖКХ-СЕРВИС""","САНКТ-ПЕТЕРБУРГ ГОРОД, ГОРОД ПЕТЕРГОФ",,,"ООО ""ГК ЖКХ-СЕРВИС"""
7816638545,1,,43.39,Производство прочих отделочных и завершающих работ,"ОБЩЕСТВО С ОГРАНИЧЕННОЙ ОТВЕТСТВЕННОСТЬЮ ""ГОЛДЕН СТРОЙ""","САНКТ-ПЕТЕРБУРГ ГОРОД, ГОРОД ПЕТЕРГОФ",,,"ООО ""ГОЛДЕН СТРОЙ"""
7819311932,0,,47.11,"Торговля розничная преимущественно пищевыми продуктами, включая напитки, и табачными изделиями в неспециализированных магазинах","ОБЩЕСТВО С ОГРАНИЧЕННОЙ ОТВЕТСТВЕННОСТЬЮ ""ЛИДЕР""","САНКТ-ПЕТЕРБУРГ ГОРОД, ГОРОД ПЕТЕРГОФ",,,"ООО ""ЛИДЕР"""
7819016768,,,52.21.24,Деятельность стоянок для транспортных средств,"ГАРАЖНО-СТРОИТЕЛЬНЫЙ КООПЕРАТИВ ""КОЛЛЕКТИВНАЯ АВТОСТОЯНКА - 5""","САНКТ-ПЕТЕРБУРГ ГОРОД, ГОРОД ПЕТЕРГОФ",,,"ГСК "" КАС - 5 """
7819010445,1,5016000,,,"ЗАКРЫТОЕ АКЦИОНЕРНОЕ ОБЩЕСТВО ""ФИРМА ""ПЕТРОДВОРЦОВОЕ РСУ""",,13325000,31.12.2018,
7841449100,1,0,46.43.1,Торговля оптовая электрической бытовой техникой,"ОБЩЕСТВО С ОГРАНИЧЕННОЙ ОТВЕТСТВЕННОСТЬЮ ""ЕВРОМАРКЕТ""","САНКТ-ПЕТЕРБУРГ ГОРОД, ГОРОД ПЕТЕРГОФ",0,31.12.2018,"ООО ""ЕМ"""
7802716578,5,4000000,43.12.3,Производство земляных работ,"ОБЩЕСТВО С ОГРАНИЧЕННОЙ ОТВЕТСТВЕННОСТЬЮ ""ЛАНДШАФТНАЯ МАСТЕРСКАЯ КМК""","САНКТ-ПЕТЕРБУРГ ГОРОД, ГОРОД ПЕТЕРГОФ",4123000,31.12.2018,"ООО ""ЛАНДШАФТНАЯ МАСТЕРСКАЯ КМК"""
7819018518,1,81000,46.47.1,Торговля оптовая бытовой мебелью,"ОБЩЕСТВО С ОГРАНИЧЕННОЙ ОТВЕТСТВЕННОСТЬЮ ""НПО КОНВЕРСИЯ СПО""","САНКТ-ПЕТЕРБУРГ ГОРОД, ГОРОД ПЕТЕРГОФ",44000,31.12.2018,"ООО ""НПО КОНВЕРСИЯ СПО"""
7819022948,,,52.21.24,Деятельность стоянок для транспортных средств,ГАРАЖНО-СТРОИТЕЛЬНЫЙ КООПЕРАТИВ №2 ВИКТОРИЯ,"САНКТ-ПЕТЕРБУРГ ГОРОД, ГОРОД ПЕТЕРГОФ",,,ГСК №2 ВИКТОРИЯ
7819315768,29,56089000,55.1,Деятельность гостиниц и прочих мест для временного проживания,"ОБЩЕСТВО С ОГРАНИЧЕННОЙ ОТВЕТСТВЕННОСТЬЮ ""ГРАНД ПЕТЕРГОФ КОРКУЛИ""","САНКТ-ПЕТЕРБУРГ ГОРОД, ГОРОД ПЕТЕРГОФ",62331000,31.12.2018,"ООО ""ГРАНД ПЕТЕРГОФ КОРКУЛИ"""
7819315951,1,1054000,93.29.9,"Деятельность зрелищно-развлекательная прочая, не включенная в другие группировки","ОБЩЕСТВО С ОГРАНИЧЕННОЙ ОТВЕТСТВЕННОСТЬЮ ""КРАСАВИЦА""","САНКТ-ПЕТЕРБУРГ ГОРОД, ГОРОД ПЕТЕРГОФ",0,31.12.2018,"ООО ""КРАСАВИЦА"""
7819314281,,,,,"ОБЩЕСТВО С ОГРАНИЧЕННОЙ ОТВЕТСТВЕННОСТЬЮ ""АЗАРТ""",,,,
7819308129,2,37000,43.99,"Работы строительные специализированные прочие, не включенные в другие группировки","ОБЩЕСТВО С ОГРАНИЧЕННОЙ ОТВЕТСТВЕННОСТЬЮ ""СТРОЙАВТОСЕРВИС""","САНКТ-ПЕТЕРБУРГ ГОРОД, ГОРОД ПЕТЕРГОФ",29000,31.12.2018,"ООО ""СТАС"""
7819023846,,,,,"ОБЩЕСТВО С ОГРАНИЧЕННОЙ ОТВЕТСТВЕННОСТЬЮ ""ИНСТИТУТ НАУЧНО-СУДЕБНЫХ ЭКСПЕРТИЗ""",,,,
7819035545,5,7103000,86.90,Деятельность в области медицины прочая,"ОБЩЕСТВО С ОГРАНИЧЕННОЙ ОТВЕТСТВЕННОСТЬЮ ""АЙ-КЛИНИК ПЕТЕРГОФ""","САНКТ-ПЕТЕРБУРГ ГОРОД, ГОРОД ПЕТЕРГОФ",15473000,31.12.2018,"ООО ""АЙ-КЛИНИК ПЕТЕРГОФ"""
7819030032,6,5631000,69.20.2,Деятельность по оказанию услуг в области бухгалтерского учета,"ОБЩЕСТВО С ОГРАНИЧЕННОЙ ОТВЕТСТВЕННОСТЬЮ  "" НЕВСКИЙ АУДИТ ""","САНКТ-ПЕТЕРБУРГ ГОРОД, ГОРОД ПЕТЕРГОФ",9466000,31.12.2018,"ООО "" НЕВСКИЙ АУДИТ """
7819301229,1,800000,45.20,Техническое обслуживание и ремонт автотранспортных средств,"ОБЩЕСТВО С ОГРАНИЧЕННОЙ ОТВЕТСТВЕННОСТЬЮ  ""ДИЗЕЛЬ-ЦЕНТР""","САНКТ-ПЕТЕРБУРГ ГОРОД, ГОРОД ПЕТЕРГОФ",862000,31.12.2018,"ООО ""ДИЗЕЛЬ-ЦЕНТР"""
7819318448,6,125489000,46.90,Торговля оптовая неспециализированная,"ОБЩЕСТВО С ОГРАНИЧЕННОЙ ОТВЕТСТВЕННОСТЬЮ ""ТРЭЙДКОН""","САНКТ-ПЕТЕРБУРГ ГОРОД, ГОРОД ПЕТЕРГОФ",127282000,31.12.2018,"ООО ""ТРЭЙДКОН"""
7819311019,1,8371000,71.20.2,Судебно-экспертная деятельность,"ОБЩЕСТВО С ОГРАНИЧЕННОЙ ОТВЕТСТВЕННОСТЬЮ ""НЕЗАВИСИМАЯ ЭКСПЕРТНАЯ ОРГАНИЗАЦИЯ ""ИСТИНА""","САНКТ-ПЕТЕРБУРГ ГОРОД, ГОРОД ПЕТЕРГОФ",8465000,31.12.2018,"ООО ""НЭО ""ИСТИНА"""
7819320260,71,91876000,27.12,Производство электрической распределительной и регулирующей аппаратуры,"ОБЩЕСТВО С ОГРАНИЧЕННОЙ ОТВЕТСТВЕННОСТЬЮ ""ТЕХКОН""","САНКТ-ПЕТЕРБУРГ ГОРОД, ГОРОД ПЕТЕРГОФ",94575000,31.12.2018,"ООО ""ТЕХКОН"""
7838066556,7,5284000,81.10,Деятельность по комплексному обслуживанию помещений,"ОБЩЕСТВО С ОГРАНИЧЕННОЙ ОТВЕТСТВЕННОСТЬЮ ""ЖИС-СЕРВИС""","САНКТ-ПЕТЕРБУРГ ГОРОД, ГОРОД ПЕТЕРГОФ",8937000,31.12.2018,"ООО ""ЖИС-СЕРВИС"""
7819318328,0,0,41.20,Строительство жилых и нежилых зданий,"ОБЩЕСТВО С ОГРАНИЧЕННОЙ ОТВЕТСТВЕННОСТЬЮ ""ПИТЕРСТРОЙ""","САНКТ-ПЕТЕРБУРГ ГОРОД, ГОРОД ПЕТЕРГОФ",0,31.12.2018,"ООО ""ПИТЕРСТРОЙ"""
7819029502,1,196000,68.31,Деятельность агентств недвижимости за вознаграждение или на договорной основе,"ОБЩЕСТВО С ОГРАНИЧЕННОЙ ОТВЕТСТВЕННОСТЬЮ "" ВИТТО ""","САНКТ-ПЕТЕРБУРГ ГОРОД, ГОРОД ПЕТЕРГОФ",240000,31.12.2018,"ООО "" ВИТТО """
7819024840,1,0,43.99.4,Работы бетонные и железобетонные,"ОБЩЕСТВО С ОГРАНИЧЕННОЙ ОТВЕТСТВЕННОСТЬЮ ""СТРОЙТРАНСТЕХ""","САНКТ-ПЕТЕРБУРГ ГОРОД, ГОРОД ПЕТЕРГОФ",0,31.12.2018,"ООО ""СТТ"""
7819002170,2,3338000,47.11,"Торговля розничная преимущественно пищевыми продуктами, включая напитки, и табачными изделиями в неспециализированных магазинах","ОБЩЕСТВО С ОГРАНИЧЕННОЙ ОТВЕТСТВЕННОСТЬЮ ""ВЛАДА""","САНКТ-ПЕТЕРБУРГ ГОРОД, ГОРОД ПЕТЕРГОФ",3703000,31.12.2018,"ООО ""ВЛАДА"""
7819019487,7,8225000,18.13,Изготовление печатных форм и подготовительная деятельность,"ОБЩЕСТВО С ОГРАНИЧЕННОЙ ОТВЕТСТВЕННОСТЬЮ ""ПРИМОРСКАЯ ПЕРСПЕКТИВА""","САНКТ-ПЕТЕРБУРГ ГОРОД, ГОРОД ПЕТЕРГОФ",6755000,31.12.2018,"ООО ""ПРИМОРСКАЯ ПЕРСПЕКТИВА"""
7819315510,,,,,"ОБЩЕСТВО С ОГРАНИЧЕННОЙ ОТВЕТСТВЕННОСТЬЮ ""ГЛОБАЛ ИВЕНТС""",,,,
7819318303,23,79957000,47.30,Торговля розничная моторным топливом в специализированных магазинах,"ОБЩЕСТВО С ОГРАНИЧЕННОЙ ОТВЕТСТВЕННОСТЬЮ ""РУСГАЗ ЭКСПЛУАТАЦИЯ""","САНКТ-ПЕТЕРБУРГ ГОРОД, ГОРОД ПЕТЕРГОФ",73982000,31.12.2018,"ООО ""РУСГАЗ ЭКСПЛУАТАЦИЯ"""
7819021285,4,11895000,47.41,"Торговля розничная компьютерами, периферийными устройствами к ним и программным обеспечением в специализированных магазинах","ОБЩЕСТВО С ОГРАНИЧЕННОЙ ОТВЕТСТВЕННОСТЬЮ ""ПЕТЕРГОФ КОМПЬЮТЕРЫ""","САНКТ-ПЕТЕРБУРГ ГОРОД, ГОРОД ПЕТЕРГОФ",12319000,31.12.2018,"ООО ""ПЕТЕРГОФ КОМПЬЮТЕРЫ"""
7819311690,0,131000,,,"ОБЩЕСТВО С ОГРАНИЧЕННОЙ ОТВЕТСТВЕННОСТЬЮ ""ЕГЕРСКАЯ СЛОБОДА""",,0,31.12.2018,
7819308979,,,,,"ОБЩЕСТВО С ОГРАНИЧЕННОЙ ОТВЕТСТВЕННОСТЬЮ ""ГЕЛИКОН""",,,,
7819029608,4,,86.21,Общая врачебная практика,"ОБЩЕСТВО С ОГРАНИЧЕННОЙ ОТВЕТСТВЕННОСТЬЮ ""ВЕТКЛИНИКА ""ПЕТЕРГОФ""","САНКТ-ПЕТЕРБУРГ ГОРОД, ГОРОД ПЕТЕРГОФ",,,"ООО ""ВЕТКЛИНИКА ""ПЕТЕРГОФ"""
7819309203,0,0,56.10,Деятельность ресторанов и услуги по доставке продуктов питания,"ОБЩЕСТВО С ОГРАНИЧЕННОЙ ОТВЕТСТВЕННОСТЬЮ ""ПЕТЕРГОФ""","САНКТ-ПЕТЕРБУРГ ГОРОД, ГОРОД ПЕТЕРГОФ",0,31.12.2018,"ООО ""ПЕТЕРГОФ"""
7841457800,,1132000,,,"ОБЩЕСТВО С ОГРАНИЧЕННОЙ ОТВЕТСТВЕННОСТЬЮ ""ПЛАТ-ОН""",,1064000,31.12.2018,
7819319882,0,,,,"ОБЩЕСТВО С ОГРАНИЧЕННОЙ ОТВЕТСТВЕННОСТЬЮ ""ЛИВЛИ""",,,,
7819029140,2,0,43.39,Производство прочих отделочных и завершающих работ,"ОБЩЕСТВО С ОГРАНИЧЕННОЙ ОТВЕТСТВЕННОСТЬЮ "" СТРОЙИНТЕРЬЕР ""","САНКТ-ПЕТЕРБУРГ ГОРОД, ГОРОД ПЕТЕРГОФ",0,31.12.2018,"ООО "" СТРОЙИНТЕРЬЕР """
7819029816,7,5925000,81.29.1,"Дезинфекция, дезинсекция, дератизация зданий, промышленного оборудования",ОБЩЕСТВО С ОГРАНИЧЕННОЙ ОТВЕТСТВЕННОСТЬЮ БИОТЕХНОЛОГИЯ,"САНКТ-ПЕТЕРБУРГ ГОРОД, ГОРОД ПЕТЕРГОФ",7996000,31.12.2018,ООО БИОТЕХНОЛОГИЯ
7819306065,0,22000,79.11,Деятельность туристических агентств,"ОБЩЕСТВО С ОГРАНИЧЕННОЙ ОТВЕТСТВЕННОСТЬЮ ""ДЕТРОЙТ""","САНКТ-ПЕТЕРБУРГ ГОРОД, ГОРОД ПЕТЕРГОФ",0,31.12.2018,"ООО ""ДЕТРОЙТ"""
7819307742,2,341000,26.7,"Производство оптических приборов, фото- и кинооборудования","ОБЩЕСТВО С ОГРАНИЧЕННОЙ ОТВЕТСТВЕННОСТЬЮ ""ИННОВАЦИОННЫЕ ТЕХНОЛОГИИ В НАУКЕ И ОБРАЗОВАНИИ""","САНКТ-ПЕТЕРБУРГ ГОРОД, ГОРОД ПЕТЕРГОФ",620000,31.12.2018,"ООО ""ИТНО"""
7819302222,1,0,46.31,Торговля оптовая фруктами и овощами,"ОБЩЕСТВО С ОГРАНИЧЕННОЙ ОТВЕТСТВЕННОСТЬЮ ""МЕГАПОЛИС""","САНКТ-ПЕТЕРБУРГ ГОРОД, ГОРОД ПЕТЕРГОФ",0,31.12.2018,"ООО ""МЕГАПОЛИС"""
7819308560,2,886000,41.20,Строительство жилых и нежилых зданий,"ОБЩЕСТВО С ОГРАНИЧЕННОЙ ОТВЕТСТВЕННОСТЬЮ ""СКВ СИРИУС""","САНКТ-ПЕТЕРБУРГ ГОРОД, ГОРОД ПЕТЕРГОФ",1222000,31.12.2018,"ООО ""СКВ СИРИУС"""
7819309108,,,,,"ОБЩЕСТВО С ОГРАНИЧЕННОЙ ОТВЕТСТВЕННОСТЬЮ ""ЕВРОМОБИЛ""",,,,
7819300200,4,3718000,16.10.1,"Производство пиломатериалов, кроме профилированных, толщиной более 6 мм; производство непропитанных железнодорожных и трамвайных шпал из древесины","ОБЩЕСТВО С ОГРАНИЧЕННОЙ ОТВЕТСТВЕННОСТЬЮ ""ГАЙСИН И К° ""","САНКТ-ПЕТЕРБУРГ ГОРОД, ГОРОД ПЕТЕРГОФ",3020000,31.12.2018,"ООО ""ГАЙСИН И К° """
7819317317,,,,,"ОБЩЕСТВО С ОГРАНИЧЕННОЙ ОТВЕТСТВЕННОСТЬЮ ""МОБИЛЬНЫЕ ИНФОРМАЦИОННЫЕ СПРАВОЧНЫЕ СИСТЕМЫ""",,,,
7810758275,,,43.22,"Производство санитарно-технических работ, монтаж отопительных систем и систем кондиционирования воздуха","ОБЩЕСТВО С ОГРАНИЧЕННОЙ ОТВЕТСТВЕННОСТЬЮ ГК ""РЕССТРОЙ""","САНКТ-ПЕТЕРБУРГ ГОРОД, ГОРОД ПЕТЕРГОФ",,,"ООО ГК ""РС"""
7819305640,,,,,"ОБЩЕСТВО С ОГРАНИЧЕННОЙ ОТВЕТСТВЕННОСТЬЮ ""ЭФ ОДИН""",,,,
7819022232,2,3063000,47.11,"Торговля розничная преимущественно пищевыми продуктами, включая напитки, и табачными изделиями в неспециализированных магазинах","ОБЩЕСТВО С ОГРАНИЧЕННОЙ ОТВЕТСТВЕННОСТЬЮ ""ВИТА-АНТ""","САНКТ-ПЕТЕРБУРГ ГОРОД, ГОРОД ПЕТЕРГОФ",3211000,31.12.2018,"ООО ""ВИТА-АНТ"""
7819300183,1,0,16.10,Распиловка и строгание древесины,"ОБЩЕСТВО С ОГРАНИЧЕННОЙ ОТВЕТСТВЕННОСТЬЮ ""САНДАЛ""","САНКТ-ПЕТЕРБУРГ ГОРОД, ГОРОД ПЕТЕРГОФ",0,31.12.2018,"ООО ""САНДАЛ"""
7819025917,0,0,47.53.3,Торговля розничная обоями и напольными покрытиями в специализированных магазинах,"ОБЩЕСТВО С ОГРАНИЧЕННОЙ ОТВЕТСТВЕННОСТЬЮ ""ЛЕНКО""","САНКТ-ПЕТЕРБУРГ ГОРОД, ГОРОД ПЕТЕРГОФ",0,31.12.2018,"ООО ""ЛЕНКО"""
7819032270,2,,47.73,Торговля розничная лекарственными средствами в специализированных магазинах (аптеках),"ОБЩЕСТВО С ОГРАНИЧЕННОЙ ОТВЕТСТВЕННОСТЬЮ ""АЛОЕ ВЕРА""","САНКТ-ПЕТЕРБУРГ ГОРОД, ГОРОД ПЕТЕРГОФ",,,"ООО ""АЛОЕ ВЕРА"""
7819316899,4,103726000,17.2,Производство изделий из бумаги и картона,"ОБЩЕСТВО С ОГРАНИЧЕННОЙ ОТВЕТСТВЕННОСТЬЮ ""БАЛТИНФОРОЛЛ""","САНКТ-ПЕТЕРБУРГ ГОРОД, ГОРОД ПЕТЕРГОФ",94628000,31.12.2018,"ООО ""БАЛТИНФОРОЛЛ"""
7819302938,,,,,"ОБЩЕСТВО С ОГРАНИЧЕННОЙ ОТВЕТСТВЕННОСТЬЮ ""РОССБАЛТ""",,,,
7819314524,1,,43.3,Работы строительные отделочные,"ОБЩЕСТВО С ОГРАНИЧЕННОЙ ОТВЕТСТВЕННОСТЬЮ ""МАК-С""","САНКТ-ПЕТЕРБУРГ ГОРОД, ГОРОД ПЕТЕРГОФ",,,"ООО ""МАК-С"""
7819019159,,,14.13,Производство прочей верхней одежды,"ПРОИЗВОДСТВЕННЫЙ КООПЕРАТИВ ""ЭЛЕГАНТ""","САНКТ-ПЕТЕРБУРГ ГОРОД, ГОРОД ПЕТЕРГОФ",,,"ПК ""ЭЛЕГАНТ"""
7819311308,,0,,,"ОБЩЕСТВО С ОГРАНИЧЕННОЙ ОТВЕТСТВЕННОСТЬЮ ""ТРИЛИСТНИК""",,0,31.12.2018,
7819309309,1,0,58,Деятельность издательская,"ОБЩЕСТВО С ОГРАНИЧЕННОЙ ОТВЕТСТВЕННОСТЬЮ ""КРЫЛЬЯ""","САНКТ-ПЕТЕРБУРГ ГОРОД, ГОРОД ПЕТЕРГОФ",0,31.12.2018,"ООО ""КРЫЛЬЯ"""
7819032047,1,3205000,47.11,"Торговля розничная преимущественно пищевыми продуктами, включая напитки, и табачными изделиями в неспециализированных магазинах","ОБЩЕСТВО С ОГРАНИЧЕННОЙ ОТВЕТСТВЕННОСТЬЮ ""ПЕТЕРГОФ""","САНКТ-ПЕТЕРБУРГ ГОРОД, ГОРОД ПЕТЕРГОФ",4753000,31.12.2018,"ООО ""ПЕТЕРГОФ"""
7819313714,5,12728000,81.29.1,"Дезинфекция, дезинсекция, дератизация зданий, промышленного оборудования","ОБЩЕСТВО С ОГРАНИЧЕННОЙ ОТВЕТСТВЕННОСТЬЮ ""БИО-ЭКОЛОГИЧЕСКИЕ ПЕРСПЕКТИВЫ""","САНКТ-ПЕТЕРБУРГ ГОРОД, ГОРОД ПЕТЕРГОФ",11643000,31.12.2018,"ООО ""БЭП"""
7819024624,4,1193000,95.29,Ремонт прочих предметов личного потребления и бытовых товаров,"ОБЩЕСТВО С ОГРАНИЧЕННОЙ ОТВЕТСТВЕННОСТЬЮ ""АРГО""","САНКТ-ПЕТЕРБУРГ ГОРОД, ГОРОД ПЕТЕРГОФ",1226000,31.12.2018,"ООО ""АРГО"""
7819318938,2,1159000,47.43,Торговля розничная аудио- и видеотехникой в специализированных магазинах,"ОБЩЕСТВО С ОГРАНИЧЕННОЙ ОТВЕТСТВЕННОСТЬЮ ""САТУРН""","САНКТ-ПЕТЕРБУРГ ГОРОД, ГОРОД ПЕТЕРГОФ",1235000,31.12.2018,"ООО ""САТУРН"""
7819302582,1,0,27.12,Производство электрической распределительной и регулирующей аппаратуры,"ОБЩЕСТВО С ОГРАНИЧЕННОЙ ОТВЕТСТВЕННОСТЬЮ  ""МОРСКОЙ БЕРЕГ""","САНКТ-ПЕТЕРБУРГ ГОРОД, ГОРОД ПЕТЕРГОФ",0,31.12.2018,"ООО ""МОРСКОЙ БЕРЕГ"""
7819017803,4,6496000,56.10,Деятельность ресторанов и услуги по доставке продуктов питания,"ОБЩЕСТВО С ОГРАНИЧЕННОЙ ОТВЕТСТВЕННОСТЬЮ ""КЛЕВЕР""","САНКТ-ПЕТЕРБУРГ ГОРОД, ГОРОД ПЕТЕРГОФ",8015000,31.12.2018,"ООО ""КЛЕВЕР"""
7819009432,1,0,01.43.1,"Разведение лошадей, ослов, мулов, лошаков","ТОВАРИЩЕСТВО С ОГРАНИЧЕННОЙ ОТВЕТСТВЕННОСТЬЮ ""ВАЙГАЧ""","САНКТ-ПЕТЕРБУРГ ГОРОД, ГОРОД ПЕТЕРГОФ",0,31.12.2018,"ТОО ""ВАЙГАЧ"""
7819313538,1,0,63.11.1,Деятельность по созданию и использованию баз данных и информационных ресурсов,"ОБЩЕСТВО С ОГРАНИЧЕННОЙ ОТВЕТСТВЕННОСТЬЮ ""ГЕРЦОГ""","САНКТ-ПЕТЕРБУРГ ГОРОД, ГОРОД ПЕТЕРГОФ",0,31.12.2018,"ООО ""ГЕРЦОГ"""
7819019374,0,0,68.31,Деятельность агентств недвижимости за вознаграждение или на договорной основе,"""ОБЩЕСТВО С ОГРАНИЧЕННОЙ ОТВЕТСТВЕННОСТЬЮ "" ПЕТЕРГОФСКАЯ НЕДВИЖИМОСТЬ ""","САНКТ-ПЕТЕРБУРГ ГОРОД, ГОРОД ПЕТЕРГОФ",0,31.12.2018,"""ООО ПЕТЕРГОФСКАЯ НЕДВИЖИМОСТЬ """
7819316793,1,,68.32,Управление недвижимым имуществом за вознаграждение или на договорной основе,"ОБЩЕСТВО С ОГРАНИЧЕННОЙ ОТВЕТСТВЕННОСТЬЮ ""КОМПЛЕКС""","САНКТ-ПЕТЕРБУРГ ГОРОД, ГОРОД ПЕТЕРГОФ",,,"ООО ""КОМПЛЕКС"""
7819316472,,,,,"ОБЩЕСТВО С ОГРАНИЧЕННОЙ ОТВЕТСТВЕННОСТЬЮ ""САНПАОЛО""",,,,
7819317155,9,10348000,31.0,Производство мебели,"ОБЩЕСТВО С ОГРАНИЧЕННОЙ ОТВЕТСТВЕННОСТЬЮ ""ПЕТЕРГОФСКАЯ МЕБЕЛЬНАЯ КОМПАНИЯ""","САНКТ-ПЕТЕРБУРГ ГОРОД, ГОРОД ПЕТЕРГОФ",11518000,31.12.2018,"ООО ""ПМК"""
7819305544,6,2079000,46.90,Торговля оптовая неспециализированная,"ОБЩЕСТВО С ОГРАНИЧЕННОЙ ОТВЕТСТВЕННОСТЬЮ ""ГАЛИЯ""","САНКТ-ПЕТЕРБУРГ ГОРОД, ГОРОД ПЕТЕРГОФ",2434000,31.12.2018,"ООО ""ГАЛИЯ"""
7819310618,1,47000,46.69.9,"Торговля оптовая прочими машинами, приборами, аппаратурой и оборудованием общепромышленного и специального назначения","ОБЩЕСТВО С ОГРАНИЧЕННОЙ ОТВЕТСТВЕННОСТЬЮ ""ЛИНК""","САНКТ-ПЕТЕРБУРГ ГОРОД, ГОРОД ПЕТЕРГОФ",41000,31.12.2018,"ООО ""ЛИНК"""
7819320373,,,,,"ОБЩЕСТВО С ОГРАНИЧЕННОЙ ОТВЕТСТВЕННОСТЬЮ ""РУНО""",,,,
7819302649,1,0,46.4,Торговля оптовая непродовольственными потребительскими товарами,"ОБЩЕСТВО С ОГРАНИЧЕННОЙ ОТВЕТСТВЕННОСТЬЮ ""УЛЬТРА СЕРВИС""","САНКТ-ПЕТЕРБУРГ ГОРОД, ГОРОД ПЕТЕРГОФ",0,31.12.2018,"ООО ""УЛЬТРА СЕРВИС"""
7819038480,,,,,"ОБЩЕСТВО С ОГРАНИЧЕННОЙ ОТВЕТСТВЕННОСТЬЮ ""ЭКОС""",,,,
7819307566,1,2438000,49.4,Деятельность автомобильного грузового транспорта и услуги по перевозкам,"ОБЩЕСТВО С ОГРАНИЧЕННОЙ ОТВЕТСТВЕННОСТЬЮ  ""МИТРАКОМ""","САНКТ-ПЕТЕРБУРГ ГОРОД, ГОРОД ПЕТЕРГОФ",2552000,31.12.2018,"ООО  ""МИТРАКОМ"""
7819315221,1,5501000,42.11,Строительство автомобильных дорог и автомагистралей,"ОБЩЕСТВО С ОГРАНИЧЕННОЙ ОТВЕТСТВЕННОСТЬЮ ""ВВМ-ЗОЛСТРОЙ""","САНКТ-ПЕТЕРБУРГ ГОРОД, ГОРОД ПЕТЕРГОФ",5683000,31.12.2018,"ООО ""ВВМ-ЗОЛСТРОЙ"""
7819035739,4,,47.11,"Торговля розничная преимущественно пищевыми продуктами, включая напитки, и табачными изделиями в неспециализированных магазинах","ОБЩЕСТВО С ОГРАНИЧЕННОЙ ОТВЕТСТВЕННОСТЬЮ ""ЗАРЯ""","САНКТ-ПЕТЕРБУРГ ГОРОД, ГОРОД ПЕТЕРГОФ",,,"ООО ""ЗАРЯ"""
7819316539,,,47.91.2,"Торговля розничная, осуществляемая непосредственно при помощи информационно-коммуникационной сети Интернет","ОБЩЕСТВО С ОГРАНИЧЕННОЙ ОТВЕТСТВЕННОСТЬЮ ""БОНАГАРДЕН""","САНКТ-ПЕТЕРБУРГ ГОРОД, ГОРОД ПЕТЕРГОФ",,,"ООО ""БОНАГАРДЕН"""
7819028354,7,10185000,55.90,Деятельность по предоставлению прочих мест для временного проживания,"ОБЩЕСТВО С ОГРАНИЧЕННОЙ ОТВЕТСТВЕННОСТЬЮ ""ПАНСИОНАТ""","САНКТ-ПЕТЕРБУРГ ГОРОД, ГОРОД ПЕТЕРГОФ",10249000,31.12.2018,"ООО ""ПАНСИОНАТ"""
7841509504,2,991000,68.20.2,Аренда и управление собственным или арендованным нежилым недвижимым имуществом,"ОБЩЕСТВО С ОГРАНИЧЕННОЙ ОТВЕТСТВЕННОСТЬЮ ""СТРОИТЕЛЬ""","САНКТ-ПЕТЕРБУРГ ГОРОД, ГОРОД ПЕТЕРГОФ",1160000,31.12.2018,"ООО ""СТРОИТЕЛЬ"""
7819315528,1,6562000,41.20,Строительство жилых и нежилых зданий,"ОБЩЕСТВО С ОГРАНИЧЕННОЙ ОТВЕТСТВЕННОСТЬЮ ""СИНЕРДЖИ""","САНКТ-ПЕТЕРБУРГ ГОРОД, ГОРОД ПЕТЕРГОФ",6610000,31.12.2018,"ООО ""СИНЕРДЖИ"""
7819313344,1,,46.6,"Торговля оптовая прочими машинами, оборудованием и принадлежностями","ОБЩЕСТВО С ОГРАНИЧЕННОЙ ОТВЕТСТВЕННОСТЬЮ ""СОВРЕМЕННЫЕ ДАЧНЫЕ ТЕХНОЛОГИИ""","САНКТ-ПЕТЕРБУРГ ГОРОД, ГОРОД ПЕТЕРГОФ",,,"ООО ""СДТ"""
7819311700,0,0,56.10,Деятельность ресторанов и услуги по доставке продуктов питания,"ОБЩЕСТВО С ОГРАНИЧЕННОЙ ОТВЕТСТВЕННОСТЬЮ ""МСВ""","САНКТ-ПЕТЕРБУРГ ГОРОД, ГОРОД ПЕТЕРГОФ",0,31.12.2018,"ООО ""МСВ"""
7819307728,1,0,46.15.3,Деятельность агентов по оптовой торговле электротоварами и бытовыми электроустановочными изделиями,"ОБЩЕСТВО С ОГРАНИЧЕННОЙ ОТВЕТСТВЕННОСТЬЮ ""ПРОМСНАБ""","САНКТ-ПЕТЕРБУРГ ГОРОД, ГОРОД ПЕТЕРГОФ",0,31.12.2018,"ООО ""ПРОМСНАБ"""
7819306587,1,817000,46.9,Торговля оптовая неспециализированная,"ОБЩЕСТВО С ОГРАНИЧЕННОЙ ОТВЕТСТВЕННОСТЬЮ ""СНАБТЕХКОМПЛЕКТ""","САНКТ-ПЕТЕРБУРГ ГОРОД, ГОРОД ПЕТЕРГОФ",819000,31.12.2018,"ООО  ""СНАБТЕХКОМПЛЕКТ"""
7819317420,17,75464000,55.1,Деятельность гостиниц и прочих мест для временного проживания,"ОБЩЕСТВО С ОГРАНИЧЕННОЙ ОТВЕТСТВЕННОСТЬЮ ""ГРАНД ПЕТЕРГОФ""","САНКТ-ПЕТЕРБУРГ ГОРОД, ГОРОД ПЕТЕРГОФ",77637000,31.12.2018,"ООО ""ГРАНД ПЕТЕРГОФ"""
7819031759,,,,,"ОБЩЕСТВО С ОГРАНИЧЕННОЙ ОТВЕТСТВЕННОСТЬЮ ""ИННЕР ГРУП""",,,,
7819317934,2,7643000,26.51.6,"Производство прочих приборов, датчиков, аппаратуры и инструментов для измерения, контроля и испытаний","ОБЩЕСТВО С ОГРАНИЧЕННОЙ ОТВЕТСТВЕННОСТЬЮ ""МГП НАНОТЕХ""","САНКТ-ПЕТЕРБУРГ ГОРОД, ГОРОД ПЕТЕРГОФ",15332000,31.12.2018,"ООО ""МГП НАНОТЕХ"""
7819036490,1,0,82.11,Деятельность административно-хозяйственная комплексная по обеспечению работы организации,"ОБЩЕСТВО С ОГРАНИЧЕННОЙ ОТВЕТСТВЕННОСТЬЮ ""ПЕТЕРГОФ ГОЛЬФ И СПА РЕЗОРТ""","САНКТ-ПЕТЕРБУРГ ГОРОД, ГОРОД ПЕТЕРГОФ",0,31.12.2018,"ООО ""ПЕТЕРГОФ ГОЛЬФ И СПА РЕЗОРТ"""
7819029380,3,304000,68.10.1,Подготовка к продаже собственного недвижимого имущества,"ОБЩЕСТВО С ОГРАНИЧЕННОЙ ОТВЕТСТВЕННОСТЬЮ ""АГЕНТСТВО НЕДВИЖИМОСТИ ""ПЕТРОДВОРЕЦ""","САНКТ-ПЕТЕРБУРГ ГОРОД, ГОРОД ПЕТЕРГОФ",0,31.12.2018,"ООО ""АГЕНТСТВО НЕДВИЖИМОСТИ ""ПЕТРОДВОРЕЦ"""
7819318511,1,13000,47.71,Торговля розничная одеждой в специализированных магазинах,"ОБЩЕСТВО С ОГРАНИЧЕННОЙ ОТВЕТСТВЕННОСТЬЮ ""ТРЕНДФИН""","САНКТ-ПЕТЕРБУРГ ГОРОД, ГОРОД ПЕТЕРГОФ",0,31.12.2018,"ООО ""ТРЕНДФИН"""
7819037493,2,1221000,47.99,"Торговля розничная прочая вне магазинов, палаток, рынков","ОБЩЕСТВО С ОГРАНИЧЕННОЙ ОТВЕТСТВЕННОСТЬЮ ""ШАНДОЛ""","САНКТ-ПЕТЕРБУРГ ГОРОД, ГОРОД ПЕТЕРГОФ",1303000,31.12.2018,"ООО ""ШАНДОЛ"""
7819038338,1,2362000,25.11,"Производство строительных металлических конструкций, изделий и их частей","ОБЩЕСТВО С ОГРАНИЧЕННОЙ ОТВЕТСТВЕННОСТЬЮ ""ПЛАСТМЕТСТРОЙ""","САНКТ-ПЕТЕРБУРГ ГОРОД, ГОРОД ПЕТЕРГОФ",2903000,31.12.2018,"ООО ""ПМС"""
7819036933,18,46376000,93.11,Деятельность спортивных объектов,"ОБЩЕСТВО С ОГРАНИЧЕННОЙ ОТВЕТСТВЕННОСТЬЮ ""ГОЛЬФ ЗАПАД""","САНКТ-ПЕТЕРБУРГ ГОРОД, ГОРОД ПЕТЕРГОФ",35844000,31.12.2018,"ООО ""ГОЛЬФ ЗАПАД"""
7819024737,6,1349000,,,"ЗАКРЫТОЕ АКЦИОНЕРНОЕ ОБЩЕСТВО ""ИРИС ХУДОЖЕСТВЕННАЯ КОВКА""",,1742000,31.12.2018,
7819317645,3,4845000,47.71.6,Торговля розничная чулочно-носочными изделиями в специализированных магазинах,"ОБЩЕСТВО С ОГРАНИЧЕННОЙ ОТВЕТСТВЕННОСТЬЮ ""ТРИУМФ""","САНКТ-ПЕТЕРБУРГ ГОРОД, ГОРОД ПЕТЕРГОФ",5813000,31.12.2018,"ООО ""ТРИУМФ"""
7819034012,1,722000,42.11,Строительство автомобильных дорог и автомагистралей,"ОБЩЕСТВО С ОГРАНИЧЕННОЙ ОТВЕТСТВЕННОСТЬЮ ""РАЗМЕТСТАНДАРТ""","САНКТ-ПЕТЕРБУРГ ГОРОД, ГОРОД ПЕТЕРГОФ",812000,31.12.2018,"ООО ""РАЗМЕТСТАНДАРТ"""
7819303593,0,0,68.32,Управление недвижимым имуществом за вознаграждение или на договорной основе,"ОБЩЕСТВО С ОГРАНИЧЕННОЙ ОТВЕТСТВЕННОСТЬЮ ""МЕЖДУНАРОДНЫЙ ПАРУСНЫЙ КЛУБ ""ПЕТЕРГОФ-РЕГАТА""","САНКТ-ПЕТЕРБУРГ ГОРОД, ГОРОД ПЕТЕРГОФ",0,31.12.2018,"ООО ""МПК ""ПЕТЕРГОФ-РЕГАТА"""
7819036330,,21549000,,,"ОБЩЕСТВО С ОГРАНИЧЕННОЙ ОТВЕТСТВЕННОСТЬЮ ""СТРОЙЛОГИСТИКА""",,21549000,31.12.2018,
7819017761,0,58000,56.10,Деятельность ресторанов и услуги по доставке продуктов питания,"ОБЩЕСТВО С ОГРАНИЧЕННОЙ ОТВЕТСТВЕННОСТЬЮ  ""АЛЬФА М""","САНКТ-ПЕТЕРБУРГ ГОРОД, ГОРОД ПЕТЕРГОФ",0,31.12.2018,"ООО ""АЛЬФА М"""
7819318790,2,1831000,96.04,Деятельность физкультурно- оздоровительная,"ОБЩЕСТВО С ОГРАНИЧЕННОЙ ОТВЕТСТВЕННОСТЬЮ ""ГУДВОРК""","САНКТ-ПЕТЕРБУРГ ГОРОД, ГОРОД ПЕТЕРГОФ",1656000,31.12.2018,"ООО ""ГУДВОРК"""
7819320528,,,,,"ОБЩЕСТВО С ОГРАНИЧЕННОЙ ОТВЕТСТВЕННОСТЬЮ ""РАЙТ ХАУС""",,,,
7819315550,,,,,"ОБЩЕСТВО С ОГРАНИЧЕННОЙ ОТВЕТСТВЕННОСТЬЮ ""КАДРЫ ПЕТЕРГОФ""",,,,
7819040591,,,42.21,"Строительство инженерных коммуникаций для водоснабжения и водоотведения, газоснабжения","ОБЩЕСТВО С ОГРАНИЧЕННОЙ ОТВЕТСТВЕННОСТЬЮ ""ИНЖЕНЕРНЫЕ ТЕХНОЛОГИИ""","САНКТ-ПЕТЕРБУРГ ГОРОД, ГОРОД ПЕТЕРГОФ",,,"ООО ""ИНЖЕНЕРНЫЕ ТЕХНОЛОГИИ"""
7819038507,1,490000,68.20,Аренда и управление собственным или арендованным недвижимым имуществом,"ОБЩЕСТВО С ОГРАНИЧЕННОЙ ОТВЕТСТВЕННОСТЬЮ ""СКОРТА""","САНКТ-ПЕТЕРБУРГ ГОРОД, ГОРОД ПЕТЕРГОФ",432000,31.12.2018,"ООО ""СКОРТА"""
7819035457,1,4716000,33.12,Ремонт машин и оборудования,"ОБЩЕСТВО С ОГРАНИЧЕННОЙ ОТВЕТСТВЕННОСТЬЮ ""ЮНИКС""","САНКТ-ПЕТЕРБУРГ ГОРОД, ГОРОД ПЕТЕРГОФ",4770000,31.12.2018,"ООО ""ЮНИКС"""
7819319177,1,5272000,46.44,Торговля оптовая изделиями из керамики и стекла и чистящими средствами,"ОБЩЕСТВО С ОГРАНИЧЕННОЙ ОТВЕТСТВЕННОСТЬЮ ""ЕВРОКОНСАЛТ""","САНКТ-ПЕТЕРБУРГ ГОРОД, ГОРОД ПЕТЕРГОФ",8213000,31.12.2018,"ООО ""ЕВРОКОНСАЛТ"""
7819307654,1,,,,"ОБЩЕСТВО С ОГРАНИЧЕННОЙ ОТВЕТСТВЕННОСТЬЮ  ""КСТ""",,,,
7819315969,1,681000,79.1,Деятельность туристических агентств и туроператоров,"ОБЩЕСТВО С ОГРАНИЧЕННОЙ ОТВЕТСТВЕННОСТЬЮ ""ЧИЧЕРОНЕ""","САНКТ-ПЕТЕРБУРГ ГОРОД, ГОРОД ПЕТЕРГОФ",633000,31.12.2018,"ООО ""ЧИЧЕРОНЕ"""
7819316835,2,900000,46.69.9,"Торговля оптовая прочими машинами, приборами, аппаратурой и оборудованием общепромышленного и специального назначения","ОБЩЕСТВО С ОГРАНИЧЕННОЙ ОТВЕТСТВЕННОСТЬЮ ""ЗАВОД ЭНЕРГЕТИЧЕСКОГО ОБОРУДОВАНИЯ""","САНКТ-ПЕТЕРБУРГ ГОРОД, ГОРОД ПЕТЕРГОФ",981000,31.12.2018,"ООО ""ЗАВОД ЭНЕРГЕТИЧЕСКОГО ОБОРУДОВАНИЯ"""
7819028964,1,101000,46.73,"Торговля оптовая лесоматериалами, строительными материалами и санитарно-техническим оборудованием","ОБЩЕСТВО С ОГРАНИЧЕННОЙ ОТВЕТСТВЕННОСТЬЮ ""ПЛАСТИКУМ ЦЕНТР""","САНКТ-ПЕТЕРБУРГ ГОРОД, ГОРОД ПЕТЕРГОФ",14000,31.12.2018,"ООО ""ПЛАСТИКУМ ЦЕНТР"""
7819039927,0,0,82.99,"Деятельность по предоставлению прочих вспомогательных услуг для бизнеса, не включенная в другие группировки","ОБЩЕСТВО С ОГРАНИЧЕННОЙ ОТВЕТСТВЕННОСТЬЮ ""ЛАУРА""","САНКТ-ПЕТЕРБУРГ ГОРОД, ГОРОД ПЕТЕРГОФ",0,31.12.2018,"ООО ""ЛАУРА"""
7819035859,,,,,"ОБЩЕСТВО С ОГРАНИЧЕННОЙ ОТВЕТСТВЕННОСТЬЮ ""СИНТЕЗ""",,,,
7819317927,1,0,93.1,Деятельность в области спорта,"ОБЩЕСТВО С ОГРАНИЧЕННОЙ ОТВЕТСТВЕННОСТЬЮ ""МИРОВАЯ АКАДЕМИЯ БОЕВЫХ ИСКУССТВ""","САНКТ-ПЕТЕРБУРГ ГОРОД, ГОРОД ПЕТЕРГОФ",0,31.12.2018,"ООО ""МАБИ"""
7819320165,1,0,45.20.1,Техническое обслуживание и ремонт легковых автомобилей и легких грузовых автотранспортных средств,"ОБЩЕСТВО С ОГРАНИЧЕННОЙ ОТВЕТСТВЕННОСТЬЮ ""АВТОТЕХЦЕНТР ОЛИМП""","САНКТ-ПЕТЕРБУРГ ГОРОД, ГОРОД ПЕТЕРГОФ",0,31.12.2018,"ООО ""АТЦ ОЛИМП"""
7819033450,1,0,18.12,Прочие виды полиграфической деятельности,"ОБЩЕСТВО С ОГРАНИЧЕННОЙ ОТВЕТСТВЕННОСТЬЮ ""ТИПОГРАФИЯ ВЕКТОР""","САНКТ-ПЕТЕРБУРГ ГОРОД, ГОРОД ПЕТЕРГОФ",0,31.12.2018,"ООО ""ТВ"""
7819017680,1,2029000,23.19,"Производство и обработка прочих стеклянных изделий, включая технические изделия из стекла","ОБЩЕСТВО С ОГРАНИЧЕННОЙ ОТВЕТСТВЕННОСТЬЮ  ""БАЛТИЙСКАЯ ИМПЕРИЯ""","САНКТ-ПЕТЕРБУРГ ГОРОД, ГОРОД ПЕТЕРГОФ",2369000,31.12.2018,"ООО ""БАЛТИМ"""
7819040016,,,,,"ОБЩЕСТВО С ОГРАНИЧЕННОЙ ОТВЕТСТВЕННОСТЬЮ ""АРХИТЕКТУРНАЯ МАСТЕРСКАЯ СОРОКО АЛЕКСАНДРА""",,,,
7819040425,,,41.20,Строительство жилых и нежилых зданий,"ОБЩЕСТВО С ОГРАНИЧЕННОЙ ОТВЕТСТВЕННОСТЬЮ ""АТОЛЛ ГРУПП""","САНКТ-ПЕТЕРБУРГ ГОРОД, ГОРОД ПЕТЕРГОФ",,,"ООО ""АТОЛЛ ГРУПП"""
7819316546,,0,62.0,"Разработка компьютерного программного обеспечения, консультационные услуги в данной области и другие сопутствующие услуги","ОБЩЕСТВО С ОГРАНИЧЕННОЙ ОТВЕТСТВЕННОСТЬЮ ""БОНАПРОДЖЕКТ""","САНКТ-ПЕТЕРБУРГ ГОРОД, ГОРОД ПЕТЕРГОФ",0,31.12.2018,"ООО ""БОНАПРОДЖЕКТ"""
7819316786,1,260000,47.9,"Торговля розничная вне магазинов, палаток, рынков","ОБЩЕСТВО С ОГРАНИЧЕННОЙ ОТВЕТСТВЕННОСТЬЮ ""АРСЕН ИНК""","САНКТ-ПЕТЕРБУРГ ГОРОД, ГОРОД ПЕТЕРГОФ",263000,31.12.2018,"ООО ""АРСЕН ИНК"""
7819034157,2,11753000,41.20,Строительство жилых и нежилых зданий,"ОБЩЕСТВО С ОГРАНИЧЕННОЙ ОТВЕТСТВЕННОСТЬЮ ""УПРАВЛЕНИЕ МЕХАНИЗАЦИИ""","САНКТ-ПЕТЕРБУРГ ГОРОД, ГОРОД ПЕТЕРГОФ",11813000,31.12.2018,"ООО ""УМ"""
7819313665,1,818000,46.4,Торговля оптовая непродовольственными потребительскими товарами,"ОБЩЕСТВО С ОГРАНИЧЕННОЙ ОТВЕТСТВЕННОСТЬЮ ""ЛАМБИНЕН""","САНКТ-ПЕТЕРБУРГ ГОРОД, ГОРОД ПЕТЕРГОФ",873000,31.12.2018,"ООО ""ЛАМБИНЕН"""
7819032985,1,0,43.99,"Работы строительные специализированные прочие, не включенные в другие группировки","ОБЩЕСТВО С ОГРАНИЧЕННОЙ ОТВЕТСТВЕННОСТЬЮ ""СМК-ТЕХНО""","САНКТ-ПЕТЕРБУРГ ГОРОД, ГОРОД ПЕТЕРГОФ",0,31.12.2018,"ООО ""СМК-ТЕХНО"""
7819037662,16,19268000,56.10.1,"Деятельность ресторанов и кафе с полным ресторанным обслуживанием, кафетериев, ресторанов быстрого питания и самообслуживания","ОБЩЕСТВО С ОГРАНИЧЕННОЙ ОТВЕТСТВЕННОСТЬЮ ""КАФЕ ШУВАЛОВ""","САНКТ-ПЕТЕРБУРГ ГОРОД, ГОРОД ПЕТЕРГОФ",23141000,31.12.2018,"ООО ""КАФЕ ШУВАЛОВ"""
7819318254,1,0,33.13,Ремонт электронного и оптического оборудования,"ОБЩЕСТВО С ОГРАНИЧЕННОЙ ОТВЕТСТВЕННОСТЬЮ ""НАУЧНО-ПРОИЗВОДСТВЕННАЯ КОМПАНИЯ ""ВЕЛЕНА""","САНКТ-ПЕТЕРБУРГ ГОРОД, ГОРОД ПЕТЕРГОФ",0,31.12.2018,"ООО"" НПК ""ВЕЛЕНА"""
7819040520,,,56.10,Деятельность ресторанов и услуги по доставке продуктов питания,"ОБЩЕСТВО С ОГРАНИЧЕННОЙ ОТВЕТСТВЕННОСТЬЮ ""НАШ ДВОРЕЦ""","САНКТ-ПЕТЕРБУРГ ГОРОД, ГОРОД ПЕТЕРГОФ",,,"ООО ""НАШ ДВОРЕЦ"""
7819313979,1,0,23.31,Производство керамических плит и плиток,"ОБЩЕСТВО С ОГРАНИЧЕННОЙ ОТВЕТСТВЕННОСТЬЮ ""ГРОМ-КАМЕНЬ""","САНКТ-ПЕТЕРБУРГ ГОРОД, ГОРОД ПЕТЕРГОФ",0,31.12.2018,"ООО ""ГРОМ-КАМЕНЬ"""
7819039557,1,1531000,56.10,Деятельность ресторанов и услуги по доставке продуктов питания,"ОБЩЕСТВО С ОГРАНИЧЕННОЙ ОТВЕТСТВЕННОСТЬЮ ""К-17""","САНКТ-ПЕТЕРБУРГ ГОРОД, ГОРОД ПЕТЕРГОФ",1398000,31.12.2018,"ООО ""К-17"""
7819032777,,20000,,,"ОБЩЕСТВО С ОГРАНИЧЕННОЙ ОТВЕТСТВЕННОСТЬЮ ""ПСИХОЛОГО-ПЕДАГОГИЧЕСКИЕ ИННОВАЦИОННЫЕ ТЕХНОЛОГИИ""",,0,31.12.2018,
7819035714,2,511000,79.11,Деятельность туристических агентств,"ОБЩЕСТВО С ОГРАНИЧЕННОЙ ОТВЕТСТВЕННОСТЬЮ ""ТУРМАЛИН""","САНКТ-ПЕТЕРБУРГ ГОРОД, ГОРОД ПЕТЕРГОФ",328000,31.12.2018,"ООО ""ТУРМАЛИН"""
7819040270,,,47.76,"Торговля розничная цветами и другими растениями, семенами, удобрениями, домашними животными и кормами для домашних животных в специализированных магазинах","ОБЩЕСТВО С ОГРАНИЧЕННОЙ ОТВЕТСТВЕННОСТЬЮ ""БЮРО ДОБРЫХ УСЛУГ ""ДИЕЗ""","САНКТ-ПЕТЕРБУРГ ГОРОД, ГОРОД ПЕТЕРГОФ",,,"ООО ""ДИЕЗ"""
7819040087,6,453000,56.10,Деятельность ресторанов и услуги по доставке продуктов питания,"ОБЩЕСТВО С ОГРАНИЧЕННОЙ ОТВЕТСТВЕННОСТЬЮ ""ДЕКА""","САНКТ-ПЕТЕРБУРГ ГОРОД, ГОРОД ПЕТЕРГОФ",359000,31.12.2018,"ООО ""ДЕКА"""
7819040312,,,63.91,Деятельность информационных агентств,"ОБЩЕСТВО С ОГРАНИЧЕННОЙ ОТВЕТСТВЕННОСТЬЮ ""ЕЛАГАСЕРВИС""","САНКТ-ПЕТЕРБУРГ ГОРОД, ГОРОД ПЕТЕРГОФ",,,"ООО ""ЕЛАГАСЕРВИС"""
7819032294,1,1895000,45.31.1,"Торговля оптовая автомобильными деталями, узлами и принадлежностями, кроме деятельности агентов","ОБЩЕСТВО С ОГРАНИЧЕННОЙ ОТВЕТСТВЕННОСТЬЮ ""САРТОРИУС""","САНКТ-ПЕТЕРБУРГ ГОРОД, ГОРОД ПЕТЕРГОФ",1915000,31.12.2018,"ООО ""САРТОРИУС"""
7819037060,1,7000,96.01,Стирка и химическая чистка текстильных и меховых изделий,"ОБЩЕСТВО С ОГРАНИЧЕННОЙ ОТВЕТСТВЕННОСТЬЮ ""ЧИСТОЛИС""","САНКТ-ПЕТЕРБУРГ ГОРОД, ГОРОД ПЕТЕРГОФ",0,31.12.2018,"ООО ""ЧИСТОЛИС"""
7819037687,6,3389000,56.10,Деятельность ресторанов и услуги по доставке продуктов питания,"ОБЩЕСТВО С ОГРАНИЧЕННОЙ ОТВЕТСТВЕННОСТЬЮ ""ИВАН-ЧАЙ""","САНКТ-ПЕТЕРБУРГ ГОРОД, ГОРОД ПЕТЕРГОФ",5621000,31.12.2018,"ООО ""ИВАН-ЧАЙ"""
7819036404,0,141231000,46.90,Торговля оптовая неспециализированная,"ОБЩЕСТВО С ОГРАНИЧЕННОЙ ОТВЕТСТВЕННОСТЬЮ ""ОПТБУМТОРГ""","САНКТ-ПЕТЕРБУРГ ГОРОД, ГОРОД ПЕТЕРГОФ",149146000,31.12.2018,"ООО ""ОПТБУМТОРГ"""
7819038627,0,0,41.20,Строительство жилых и нежилых зданий,"ОБЩЕСТВО С ОГРАНИЧЕННОЙ ОТВЕТСТВЕННОСТЬЮ ""ПРОЕКТНО-СТРОИТЕЛЬНАЯ КОРПОРАЦИЯ ""АДМИРАЛ-ЭНЕРГОПРОЕКТ""","САНКТ-ПЕТЕРБУРГ ГОРОД, ГОРОД ПЕТЕРГОФ",0,31.12.2018,"ООО ""ПСК ""АДМИРАЛ-ЭНЕРГОПРОЕКТ"""
7819039645,,,,,"ОБЩЕСТВО С ОГРАНИЧЕННОЙ ОТВЕТСТВЕННОСТЬЮ ""АМА-ЗАР""",,,,
7819040418,,,43.21,Производство электромонтажных работ,"ОБЩЕСТВО С ОГРАНИЧЕННОЙ ОТВЕТСТВЕННОСТЬЮ ""СТРОЙСЕРВИС""","САНКТ-ПЕТЕРБУРГ ГОРОД, ГОРОД ПЕТЕРГОФ",,,"ООО ""СТРОЙСЕРВИС"""
7819039691,0,7000,56.10.21,Деятельность предприятий общественного питания с обслуживанием на вынос,"ОБЩЕСТВО С ОГРАНИЧЕННОЙ ОТВЕТСТВЕННОСТЬЮ ""СВЕТЛАНА""","САНКТ-ПЕТЕРБУРГ ГОРОД, ГОРОД ПЕТЕРГОФ",1000,31.12.2018,"ООО ""СВЕТЛАНА"""
7819033700,1,567000,43.22,"Производство санитарно-технических работ, монтаж отопительных систем и систем кондиционирования воздуха","ОБЩЕСТВО С ОГРАНИЧЕННОЙ ОТВЕТСТВЕННОСТЬЮ ""ДОМ МЕЧТЫ ИНЖЕНЕРНЫЕ СИСТЕМЫ""","САНКТ-ПЕТЕРБУРГ ГОРОД, ГОРОД ПЕТЕРГОФ",568000,31.12.2018,"ООО ""ДМ ИС"""
7819040560,,,73.11,Деятельность рекламных агентств,"ОБЩЕСТВО С ОГРАНИЧЕННОЙ ОТВЕТСТВЕННОСТЬЮ ""МАРКО-ГРУПП""","САНКТ-ПЕТЕРБУРГ ГОРОД, ГОРОД ПЕТЕРГОФ",,,"ООО ""МАРКО-ГРУПП"""
7819039388,1,1145000,31.01,Производство мебели для офисов и предприятий торговли,"ОБЩЕСТВО С ОГРАНИЧЕННОЙ ОТВЕТСТВЕННОСТЬЮ ""ХОЛЛВУД""","САНКТ-ПЕТЕРБУРГ ГОРОД, ГОРОД ПЕТЕРГОФ",1148000,31.12.2018,"ООО ""ХОЛЛВУД"""
7819038320,1,2591000,52.23.13,Выполнение авиационных работ,"ОБЩЕСТВО С ОГРАНИЧЕННОЙ ОТВЕТСТВЕННОСТЬЮ ""ШЕЛКОВЫЙ ПУТЬ-АВИАЦИОННЫЕ РАБОТЫ""","САНКТ-ПЕТЕРБУРГ ГОРОД, ГОРОД ПЕТЕРГОФ",2698000,31.12.2018,"ООО ""ШЕЛКОВЫЙ ПУТЬ-АР"""
7819038722,0,0,41.20,Строительство жилых и нежилых зданий,"ОБЩЕСТВО С ОГРАНИЧЕННОЙ ОТВЕТСТВЕННОСТЬЮ ""РЕМОНТНО-СТРОИТЕЛЬНАЯ КОМПАНИЯ ""УРОВЕНЬ""","САНКТ-ПЕТЕРБУРГ ГОРОД, ГОРОД ПЕТЕРГОФ",0,31.12.2018,"ООО ""РСК ""УРОВЕНЬ"""
7819037528,1,1311000,46.31,Торговля оптовая фруктами и овощами,"ОБЩЕСТВО С ОГРАНИЧЕННОЙ ОТВЕТСТВЕННОСТЬЮ ""ПАНАЦЕЯ""","САНКТ-ПЕТЕРБУРГ ГОРОД, ГОРОД ПЕТЕРГОФ",1186000,31.12.2018,"ООО ""ПАНАЦЕЯ"""
7819039412,0,646000,68.20.2,Аренда и управление собственным или арендованным нежилым недвижимым имуществом,"ОБЩЕСТВО С ОГРАНИЧЕННОЙ ОТВЕТСТВЕННОСТЬЮ ""ФАТУМ""","САНКТ-ПЕТЕРБУРГ ГОРОД, ГОРОД ПЕТЕРГОФ",3162000,31.12.2018,"ООО ""ФАТУМ"""
7819036235,1,1259000,47.99,"Торговля розничная прочая вне магазинов, палаток, рынков","ОБЩЕСТВО С ОГРАНИЧЕННОЙ ОТВЕТСТВЕННОСТЬЮ ""АЛМАЗ""","САНКТ-ПЕТЕРБУРГ ГОРОД, ГОРОД ПЕТЕРГОФ",1232000,31.12.2018,"ООО ""АЛМАЗ"""
7819034823,1,875000,70.22,Консультирование по вопросам коммерческой деятельности и управления,"ОБЩЕСТВО С ОГРАНИЧЕННОЙ ОТВЕТСТВЕННОСТЬЮ ""БИЗНЕС АУТСОРСИНГ""","САНКТ-ПЕТЕРБУРГ ГОРОД, ГОРОД ПЕТЕРГОФ",1550000,31.12.2018,"ООО ""БИЗНЕС АУТСОРСИНГ"""
7819034982,1,0,43.99,"Работы строительные специализированные прочие, не включенные в другие группировки","ОБЩЕСТВО С ОГРАНИЧЕННОЙ ОТВЕТСТВЕННОСТЬЮ ""СТРОИТЕЛЬНОЕ УПРАВЛЕНИЕ №299""","САНКТ-ПЕТЕРБУРГ ГОРОД, ГОРОД ПЕТЕРГОФ",0,31.12.2018,"ООО ""СУ №299"""
7819033403,0,0,72.19,Научные исследования и разработки в области естественных и технических наук прочие,"ОБЩЕСТВО С ОГРАНИЧЕННОЙ ОТВЕТСТВЕННОСТЬЮ ""НТФ НЕФТЕГАЗОВЫЕ ТЕХНОЛОГИИ""","САНКТ-ПЕТЕРБУРГ ГОРОД, ГОРОД ПЕТЕРГОФ",0,31.12.2018,"ООО ""НТФ"""
7819040055,,,,,"ОБЩЕСТВО С ОГРАНИЧЕННОЙ ОТВЕТСТВЕННОСТЬЮ ""ПРОФМАСТЕР""",,,,
7819037246,,0,,,"ОБЩЕСТВО С ОГРАНИЧЕННОЙ ОТВЕТСТВЕННОСТЬЮ ""РИФТ""",,0,31.12.2018,
7819033837,1,0,71.11.1,"Деятельность в области архитектуры, связанная с созданием архитектурного объекта","ОБЩЕСТВО С ОГРАНИЧЕННОЙ ОТВЕТСТВЕННОСТЬЮ НАУЧНО-ТЕХНИЧЕСКИЙ ЦЕНТР ""ГРАЖДАНСКИХ ИНЖЕНЕРОВ""","САНКТ-ПЕТЕРБУРГ ГОРОД, ГОРОД ПЕТЕРГОФ",0,31.12.2018,"ООО НТЦ ""ГРАЖДАНСКИХ ИНЖЕНЕРОВ"""
7819033756,1,5197000,41.20,Строительство жилых и нежилых зданий,"ОБЩЕСТВО С ОГРАНИЧЕННОЙ ОТВЕТСТВЕННОСТЬЮ ""СПЕЦРЕМ""","САНКТ-ПЕТЕРБУРГ ГОРОД, ГОРОД ПЕТЕРГОФ",5197000,31.12.2018,"ООО ""СПЕЦРЕМ"""
7819040947,,,56.10,Деятельность ресторанов и услуги по доставке продуктов питания,"ОБЩЕСТВО С ОГРАНИЧЕННОЙ ОТВЕТСТВЕННОСТЬЮ ""ВЭРДЭ""","САНКТ-ПЕТЕРБУРГ ГОРОД, ГОРОД ПЕТЕРГОФ",,,"ООО ""ВЭРДЭ"""
7819040961,,,56.10,Деятельность ресторанов и услуги по доставке продуктов питания,"ОБЩЕСТВО С ОГРАНИЧЕННОЙ ОТВЕТСТВЕННОСТЬЮ ""МУСКАТ""","САНКТ-ПЕТЕРБУРГ ГОРОД, ГОРОД ПЕТЕРГОФ",,,"ООО ""МУСКАТ"""
7819040746,,,56.10,Деятельность ресторанов и услуги по доставке продуктов питания,"ОБЩЕСТВО С ОГРАНИЧЕННОЙ ОТВЕТСТВЕННОСТЬЮ ""МЕЛИССА""","САНКТ-ПЕТЕРБУРГ ГОРОД, ГОРОД ПЕТЕРГОФ",,,"ООО ""МЕЛИССА"""
7819041186,,,79.90,Услуги по бронированию прочие и сопутствующая деятельность,"ОБЩЕСТВО С ОГРАНИЧЕННОЙ ОТВЕТСТВЕННОСТЬЮ ""КИДС ТРИПС""","САНКТ-ПЕТЕРБУРГ ГОРОД, ГОРОД ПЕТЕРГОФ",,,"ООО ""КИДС ТРИПС"""
7819040760,,,56.10,Деятельность ресторанов и услуги по доставке продуктов питания,"ОБЩЕСТВО С ОГРАНИЧЕННОЙ ОТВЕТСТВЕННОСТЬЮ ""САНГРИТА""","САНКТ-ПЕТЕРБУРГ ГОРОД, ГОРОД ПЕТЕРГОФ",,,"ООО ""САНГРИТА"""
7819041316,,,35.30.4,Обеспечение работоспособности котельных,"ОБЩЕСТВО С ОГРАНИЧЕННОЙ ОТВЕТСТВЕННОСТЬЮ ""АКСЭТ""","САНКТ-ПЕТЕРБУРГ ГОРОД, ГОРОД ПЕТЕРГОФ",,,"ООО ""АКСЭТ"""
7819040866,,,46.69.3,Торговля оптовая подъемно-транспортными машинами и оборудованием,"ОБЩЕСТВО С ОГРАНИЧЕННОЙ ОТВЕТСТВЕННОСТЬЮ ""АР-СИСТЕМС""","САНКТ-ПЕТЕРБУРГ ГОРОД, ГОРОД ПЕТЕРГОФ",,,"ООО ""АР-СИСТЕМС"""
7819041468,,,46.38,"Торговля оптовая прочими пищевыми продуктами, включая рыбу, ракообразных и моллюсков","ОБЩЕСТВО С ОГРАНИЧЕННОЙ ОТВЕТСТВЕННОСТЬЮ ""НОРД СЕА ФУД""","САНКТ-ПЕТЕРБУРГ ГОРОД, ГОРОД ПЕТЕРГОФ",,,"ООО ""НОРД СЕА ФУД"""
7819041161,,,75.00.2,Деятельность ветеринарная для домашних животных,"ОБЩЕСТВО С ОГРАНИЧЕННОЙ ОТВЕТСТВЕННОСТЬЮ ВЕТЕРИНАРНАЯ КЛИНИКА ""КОТОЛЕЯ""","САНКТ-ПЕТЕРБУРГ ГОРОД, ГОРОД ПЕТЕРГОФ",,,"ООО ВЕТЕРИНАРНАЯ КЛИНИКА ""КОТОЛЕЯ"""
7819041250,,,46.71.1,Торговля оптовая твердым топливом,"ОБЩЕСТВО С ОГРАНИЧЕННОЙ ОТВЕТСТВЕННОСТЬЮ ""ЭНЕРГЕТИЧЕСКИЙ РЕСУРС""","САНКТ-ПЕТЕРБУРГ ГОРОД, ГОРОД ПЕТЕРГОФ",,,"ООО ""ЭНЕРГЕТИЧЕСКИЙ РЕСУРС"""